Country,Country_Code,Year,GDP_growth_annual_pct,Inflation_CPI_pct,Central_govt_debt_pct_GDP,Current_account_balance_pct_GDP,Exports_pct_GDP,Imports_pct_GDP,FDI_inflows_pct_GDP,Tax_revenue_pct_GDP,Gross_capital_formation_pct_GDP,GDP_per_worker_USD
Angola,AGO,2000,3.05462423430785,324.99687160132,,8.71506351159262,,,9.62386615038711,28.7033821587261,,19381.0003356632
Angola,AGO,2001,4.20599855619506,152.561022469298,,-16.0129513307541,,,24.0090757001341,29.2466757235017,,19506.6252371492
Angola,AGO,2002,13.6656887608562,108.897436089429,,-0.867014859883908,49.4975384807229,41.0732824923866,10.0713557339551,13.7150483492949,29.7741669107851,21337.7219032338
Angola,AGO,2003,3.48731240097521,98.2241436573304,,-3.53728418452148,47.564460965317,43.1162552167314,17.5840588571176,15.0363957253039,29.8069552741519,21296.0208617239
Angola,AGO,2004,11.4198633904585,43.5421067519686,,2.52329142811835,51.0441768869336,39.3418615864269,8.13849032848245,15.7676000610902,32.7033343298252,22823.8212524552
Angola,AGO,2005,14.1547775343954,22.9535138513939,,12.411352951241,58.7232661870034,36.6181931014669,-3.14962046173322,15.2799733046431,28.0139948974484,25090.6112477893
Angola,AGO,2006,11.8418178757044,13.3052101780031,,18.2253229198446,56.8533385666593,27.7712655504947,-0.0643009490167298,20.8842752142441,24.1285215642067,26971.965073792
Angola,AGO,2007,13.0026889457975,12.2514974459486,,14.487357954762,61.2105085588617,36.0151221411341,-1.22312266225132,19.2115962538976,26.8723206787845,29327.0526844052
Angola,AGO,2008,10.7866360496581,12.4758291326397,,7.28233163406667,65.0305321876619,43.649876554331,1.69952793928946,22.9883598928014,31.0476642804707,31316.1148423527
Angola,AGO,2009,1.99558909788963,13.7302839288408,,-9.26704056119383,50.8993863954011,51.3637968625849,2.69909240017807,15.7996845751465,42.1126629946906,30841.7545102657
Angola,AGO,2010,5.29366572819954,14.4696564932576,,7.85577834884186,53.8925161319852,37.1015470035257,-3.37761927933748,14.5589920536317,29.7638327935383,31335.0762488799
Angola,AGO,2011,3.59386960240222,13.4824679218511,,10.4217171191836,54.1205324819562,34.9164118606283,-2.40838836782517,14.3382952931909,27.3662454536118,31271.4137704345
Angola,AGO,2012,8.50312283866612,10.2779049218839,,9.64052717140429,50.0270607128454,31.9124178357908,-1.02012839058611,13.2204079061426,27.9685614009235,32673.4743901042
Angola,AGO,2013,4.88306129688392,8.77781429332623,,5.47217516826916,45.2323209197428,32.117480451865,-4.78350487024797,12.6117526343152,26.9937630528609,33078.2969166449
Angola,AGO,2014,4.65572356315585,7.2803873036112,,-2.4421772584791,37.0143267493642,32.5658156987505,2.38352427018273,11.9996728299526,28.8734781928265,33462.6090359987
Angola,AGO,2015,0.763177710914789,9.35597215533783,,-10.018075447644,26.1489317124585,28.830449165525,9.7795154502448,9.70951386996337,29.1086095935763,32713.472952979
Angola,AGO,2016,-1.70053036291208,30.6944150806719,,-5.15244763778543,24.6591652555406,22.3564008849907,-0.299804386002375,8.57578671236085,30.134293482854,31187.4718656878
Angola,AGO,2017,-0.149396225571834,29.8444799015679,,-0.750047560666891,25.4572351848497,20.2071071691424,-8.76696380208172,8.05553778621351,29.1829432051553,30171.6575044905
Angola,AGO,2018,-0.59441122698307,19.628937970152,,8.26988653763387,36.2458951290851,22.6705849468909,-7.21246216123288,9.92888023402709,24.2002490160737,29053.3348953266
Angola,AGO,2019,-0.204680245744115,17.080954143438,,6.36332599336486,37.1603311244083,23.5544932092602,-5.07649440156737,11.2888521414133,24.6757736004733,28059.9533940627
Angola,AGO,2020,-4.04244724639663,22.2715392470509,,1.48153175557465,31.5758280076577,22.7684006770612,-3.17143620765821,20.5176075923938,19.6439562319095,26682.7933954204
Angola,AGO,2021,2.10275251923413,25.754294884189,,10.557440687931,39.4494840713604,22.0767295982202,-5.47403409372737,10.7033300728789,15.9851660648707,25015.8558860116
Angola,AGO,2022,4.21600258475137,21.3552901320822,,8.96477515056049,35.1960530217063,20.0587202496772,-5.02899288556058,12.7318115289851,14.1769859541901,25072.6000048665
Angola,AGO,2023,1.26330814020108,13.6441017767714,,3.90508703150085,32.3263024339928,20.7071811983153,-1.97786390222726,8.86912888123549,12.3076318613212,24631.96462192
Benin,BEN,2000,5.85771420543269,4.16540442290282,,-2.2949879315414,20.6053025489554,26.742848952329,-0.363490759310418,,16.0084024487125,6527.36063193077
Benin,BEN,2001,5.33313570603937,3.98429547767893,,-2.04549532483075,19.8685788115524,28.3885918276674,0.456588183737808,,17.7527202451424,6644.44578741943
Benin,BEN,2002,4.64303087074482,2.48916235491541,,-3.74152919965986,19.726610778332,24.0418117580991,-0.462423415216639,,14.8337225342659,6721.68135988294
Benin,BEN,2003,3.44357677591658,1.48724246145441,,-6.20555050861218,18.6442972500831,22.9719333073503,0.198870349303422,,15.1637900420403,6725.92816837663
Benin,BEN,2004,4.42968455385082,0.873890830868499,,-4.66878856732409,18.5135475659125,21.389426770597,-0.658688596039682,,15.218605125346,6794.66253450318
Benin,BEN,2005,1.71316456361184,5.36452085832342,,-3.44376642481128,18.483639980467,20.6122912074473,-0.133820369489742,,12.0860448919113,6672.6045425755
Benin,BEN,2006,3.94373882815798,3.78217696540374,,-3.08778709107343,18.057925712964,21.7167729998912,-0.175764667500161,,12.8734651191902,6707.14369508323
Benin,BEN,2007,5.98634932177609,1.29806813334152,,-6.54621938784527,22.0428531154363,27.0709310375342,1.70386973478894,,16.3768679983693,6892.97366452184
Benin,BEN,2008,4.89657708429647,7.94729876067854,,-5.49862209196275,22.14072026628,25.6346390032369,0.492562990177947,,13.7404206600646,6999.4845473194
Benin,BEN,2009,2.31929213912838,0.896072355749069,,-6.69033181086781,19.9279668393882,24.7746622235924,-0.193121764606275,,14.8657187295579,6930.95895014121
Benin,BEN,2010,2.11406472648392,2.20783532536523,,-5.56723414629172,23.0720480670551,28.3588118822374,0.561144747750256,,15.608089212583,6851.41688441011
Benin,BEN,2011,2.96375291904201,2.7042390774728,,-4.83328627198861,20.8496515031216,26.3673773087186,1.50844050539908,,16.4625572802737,6942.29266405707
Benin,BEN,2012,4.811223315688,6.74468253340712,,-5.17832684259519,23.8967368670133,26.8399999121001,2.52705777310103,,15.276312739626,6995.92155740843
Benin,BEN,2013,7.19143372144946,0.428888888888883,,-5.37925541995638,27.570565319312,31.6296265138756,2.87863747120321,,18.86187234768,7209.35647400423
Benin,BEN,2014,6.35767909791932,-0.54875755094818,,-6.66790663182434,31.4308411236325,33.8374338168225,3.054209933397,,19.2575856279899,7373.41806535482
Benin,BEN,2015,1.77815106030278,0.218785923536245,,-5.964093171322,24.7204512110389,32.0358619739087,1.31501182124746,,20.731792085746,7230.29669221025
Benin,BEN,2016,3.33967342629693,-0.793310145785624,,-2.99669454869691,27.6067880711982,31.3801402666294,1.11488130998834,,20.2720396046954,7202.37122961299
Benin,BEN,2017,5.67156195150444,0.0432648555103608,,-4.18078964014056,27.2055947818832,34.2710021769642,1.58170495191393,,23.9604222292501,7331.16260097152
Benin,BEN,2018,6.69725362180888,0.919170717886053,,-4.5491953448839,27.2742306189085,34.5209638714363,1.36073573251591,,26.3865130249513,7525.9204301087
Benin,BEN,2019,6.86568662848335,0.732849371241066,,-3.99948140400368,29.6305271935478,34.0508051206822,1.51620780888962,,25.6298005790604,7742.91718776449
Benin,BEN,2020,3.84879240030133,3.02272119663759,,-1.74648575797682,19.8724704276524,24.9607629492202,1.10934414138144,,25.6338435081567,7856.06988927314
Benin,BEN,2021,7.1554516457574,1.73353962694035,,-4.15352071063382,20.9188061754733,27.1360546569676,1.95608661099463,,28.8506183177663,8053.28260450002
Benin,BEN,2022,6.25294705373625,1.35077863583527,,-5.68712530548323,20.8153300474458,23.5662628402967,2.15770537478617,,31.1483716430973,8266.76711018813
Benin,BEN,2023,6.3527773854442,2.73870078406074,,-8.17628006592928,20.003519091069,24.6596117269521,2.25158090881957,,34.5306621756362,8527.81491564848
Botswana,BWA,2000,1.98769583378552,8.6014851485149,,9.4180495224013,51.8318100701299,40.0929196197881,0.987700169396241,,29.551080393757,43412.2092036906
Botswana,BWA,2001,0.250573949689084,6.55903767014861,,10.8425100137362,48.6576082380348,38.8674573300609,0.558884523880211,,29.888136618651,43390.5990676441
Botswana,BWA,2002,6.06953087648317,8.03279662527485,,4.84207534572473,52.1574267782427,39.6783472803347,7.50151858437683,,30.1938052068805,46112.005296973
Botswana,BWA,2003,4.62589474959299,9.18990265632739,,9.54244888755721,48.8268578340104,37.007184681116,5.56528127484831,,30.1430074223364,48351.8434611232
Botswana,BWA,2004,2.70582170611173,6.94570363654674,,3.5367832333207,49.6137877815052,41.3840351057579,4.36383657370126,,31.3514430014324,46944.6464153708
Botswana,BWA,2005,4.55664565323181,8.61022528546439,,16.1057108456086,52.9235535447696,35.5817985125809,4.24294905100869,,25.374133887578,46546.1256359324
Botswana,BWA,2006,8.36387109282306,11.5552187914379,6.02356808660498,19.6647760227163,51.7808267603935,34.8316071531305,4.90881469396689,27.5264402404069,21.692781593681,47794.61022308
Botswana,BWA,2007,5.79255577727118,7.08099847172692,5.9431764131185,15.6550615013405,56.479962927168,42.0165620135572,4.6808134501234,26.6174562731084,23.0747568630383,48095.3234155176
Botswana,BWA,2008,3.25207295796832,12.7021883920075,8.00402997376666,1.39345872319276,46.946904660995,52.0613173469939,4.85440497340622,27.9208998753179,35.4683348008758,47341.3314962439
Botswana,BWA,2009,-14.1442346163423,8.02729703109581,19.2517818685668,-6.40593961472031,35.8336618587618,52.647126774976,2.06256005196384,27.6868140219818,32.6299076727603,39041.0603909881
Botswana,BWA,2010,10.119723322694,6.94887658743103,21.8862970525722,-5.88840225663454,42.1443315144427,52.4946705729499,1.7280613479871,23.8833642056949,34.7021091252242,44870.032464452
Botswana,BWA,2011,6.83841052493574,8.45987233408583,21.0743622822987,-0.872984775002233,44.2363979167201,54.7250698634268,1.94040749024403,24.0453261607064,39.1181150467037,46526.6422480046
Botswana,BWA,2012,-0.170857099335691,7.53690261091916,20.6231807851092,-5.90199267050561,48.11502383229,63.7602567886618,1.05040106491218,28.0365776616041,35.9998617809678,45249.7489622939
Botswana,BWA,2013,11.1029068737822,5.88460707056816,19.0163812887175,4.53073148351166,61.3797617461963,64.4032781650237,0.470417841005353,26.7403906303594,24.8793287159182,49477.1329024214
Botswana,BWA,2014,5.69714422072884,4.40225309243427,18.3257336074772,11.0750306448499,61.2829678934065,58.214573898057,3.33019730942426,27.0928299660417,25.2530625662887,51511.5777784505
Botswana,BWA,2015,-4.85132507409779,3.06203169580557,19.086977673602,2.22618287554396,53.0908973428197,59.809993673185,2.79773267452093,26.3110988512498,28.4432892203156,48314.6328651432
Botswana,BWA,2016,7.20442475914267,2.81495791361943,15.8049523139869,7.97299721999998,54.6113547604529,45.8533350055731,0.944944816734731,21.6300553227647,22.0676982064961,50976.7623642583
Botswana,BWA,2017,4.11437856445083,3.30828076768219,14.6807691758665,5.58580913830413,42.9200424885539,39.0039088877955,1.61796092921322,23.9334963141963,25.0058963191325,52098.7715225486
Botswana,BWA,2018,4.18869237159223,3.23801558947715,15.2307151442609,0.392946349031096,44.2281439237392,43.2269600709101,1.67893386448584,21.740494569157,25.902879643882,52975.4488296902
Botswana,BWA,2019,3.0317733945467,2.7728644286332,16.193904309718,-6.90505478190792,37.0878176552067,46.0051637049108,0.559653498041763,21.0985509979513,30.8204405592326,53491.7375710746
Botswana,BWA,2020,-8.72888243996397,1.8903591682421,19.6161332466694,-9.8063111229932,31.2903662852227,46.3730515739844,0.212513875084985,22.2747050330683,32.7272598389392,50122.8696928949
Botswana,BWA,2021,11.9162724376008,7.24097765588442,,-1.76490531071366,41.9125521600302,46.8461974265502,-1.70161470195308,22.2304202220167,27.3637239028603,54141.6906888199
Botswana,BWA,2022,5.48601706446772,11.665567478802,,-0.59504452376584,43.5436117763611,42.0680959779821,3.49204705165089,19.6495295038272,26.791517866856,55903.1010343748
Botswana,BWA,2023,3.20806812224438,5.06761549343829,,1.48807672938924,32.2498582865187,36.553499549563,3.82011318135645,18.7133278342197,30.2958784873742,53442.7715864958
Burkina Faso,BFA,2000,1.88847388906525,-0.304212168486802,,,8.8447174852677,26.2782244851586,0.778458188099508,,14.5706990626075,3346.44981511142
Burkina Faso,BFA,2001,6.61340574539679,5.00743290822373,,,9.0440827674193,22.6140880474318,0.196436710369704,,13.5458978685006,3455.60431626933
Burkina Faso,BFA,2002,4.35296382988099,2.17569480664608,,,8.86536563219181,22.4471572206048,0.414815789165315,9.66138376801539,13.4516848777294,3493.21273798505
Burkina Faso,BFA,2003,7.80249388870359,2.03456574053815,,,9.22043165840572,21.1478047493266,0.614299394603336,9.86131120448803,15.4592813585183,3641.58730836784
Burkina Faso,BFA,2004,4.47845213670386,-0.400228702115451,,,10.8815873012951,24.5993563004511,0.263190384062024,11.2910196598144,15.5181038099984,3710.50389930763
Burkina Faso,BFA,2005,8.66187322841225,6.41504018369684,,-10.324323038401,9.84184747809064,24.3303222900142,0.848145874654018,10.4497340755746,17.5635935306702,3927.63143061949
Burkina Faso,BFA,2006,6.25316468817478,2.33310856372219,,-8.30763590093609,10.9568635027021,24.1496788527529,1.28064578676022,10.7784082614218,16.1250056320714,4035.84904213498
Burkina Faso,BFA,2007,4.11137901761516,-0.230627306273049,,-7.35321338684529,10.3485422167992,23.4311750727081,0.284717939080865,11.2791891162773,18.2510847811436,4071.8736622482
Burkina Faso,BFA,2008,5.79999174105387,10.6597978997424,,-10.2315812376868,10.1493270523848,25.2359899277654,0.351169723487995,10.5488763462348,20.7319624459801,4208.86402617185
Burkina Faso,BFA,2009,2.96195085866692,2.60817666368314,,-4.037460656968,13.7889708614234,26.507012812169,0.599468939611006,11.1276317273501,19.9900322638267,4237.07535310264
Burkina Faso,BFA,2010,8.44628157707625,-0.764230734676768,,-1.79655604009114,20.5158488554008,28.5573896844031,0.384492219825665,11.3100646526483,21.9904340000138,4481.47880145293
Burkina Faso,BFA,2011,6.62256261306693,2.75976724854534,,-1.32772267157687,26.1955005196271,31.3017525842237,1.19074493368624,12.2194913583116,22.1235118043343,4661.55686944861
Burkina Faso,BFA,2012,6.45267237953146,3.8181524025238,,-1.29204165999457,26.5980854179657,34.6405225638741,2.62145990530181,13.889962428562,24.6529928973207,4830.59929565181
Burkina Faso,BFA,2013,5.79258484509867,0.533738507090536,,-10.0082857458856,27.0769854530325,36.9588658493908,3.64766773141753,14.9486419589637,23.7099150061433,4983.86944877486
Burkina Faso,BFA,2014,4.32684561452976,-0.258089517535291,,-7.16454946786701,26.932004154154,31.8915583395886,2.56255154786841,13.6638275123408,19.2622491931648,5069.59080582463
Burkina Faso,BFA,2015,3.9212287937935,0.724838981070516,,-7.56751200933841,26.1076455357024,32.9815357744638,1.95992715697747,13.2802007024398,19.4066997164243,5133.18409225747
Burkina Faso,BFA,2016,5.95797670754024,0.441041448058809,,-6.0796386850131,25.915964804251,31.9772079951896,3.04380349897538,14.1391533049498,20.7955479484027,5290.99754769334
Burkina Faso,BFA,2017,6.20348941121868,1.48299897161325,,-6.35349497520962,26.4523856350501,32.8163945669667,0.0182370342122821,15.2607212259008,22.0618365902649,5461.63061566933
Burkina Faso,BFA,2018,6.60456906812341,1.95594302672532,45.5738610534927,-4.18372491409563,28.0789061419219,32.5167194817269,1.68919942943091,15.2924120845571,21.7391048190018,5659.92445204996
Burkina Faso,BFA,2019,5.88920497068135,-3.23338933983321,47.0623633717549,-3.26728197882863,29.2576956572794,31.1509972180432,1.0164787373679,15.6406078633915,19.7578680144889,5813.15200948724
Burkina Faso,BFA,2020,2.01077262406221,1.88470066518847,73.3851925518101,4.1931251239965,31.7768656908663,28.9629129494576,-0.557279533533573,13.7423701735785,17.1615174265995,5931.60538294204
Burkina Faso,BFA,2021,6.94252492572348,3.65326761825508,55.5822235545459,0.392208859644244,32.797073516181,29.6232851445985,-0.405926078113797,16.019787781564,15.5079014507343,6231.15161967864
Burkina Faso,BFA,2022,1.62673258211919,14.2902354303358,63.1897248087734,-7.5391211537643,31.2180734191588,36.3022167140067,3.59640793567206,17.8607653469348,18.0585053758947,6223.52903326961
Burkina Faso,BFA,2023,3.00027415814125,0.742910428668917,61.9320439111455,-5.05747162530599,28.9402085370677,34.1924766322622,0.544129932348491,18.5514879945332,20.4019181340469,6289.32152884011
Burundi,BDI,2000,-0.856864058424151,24.4320242102151,,-5.76258887448881,,,1.34215244308902,,,2494.97259186696
Burundi,BDI,2001,2.05580710835243,9.29618771341888,,-4.1872020116794,,,-0.0013048564735641,,,2482.62170014612
Burundi,BDI,2002,4.44651941224797,-1.36568005328059,,-0.397990063033963,,,,,,2522.17934576232
Burundi,BDI,2003,-1.22372796023444,10.6474645658305,,-3.04630146043227,,,,,,2415.56290645365
Burundi,BDI,2004,4.83365776809453,8.17642937482053,,-3.53655815425186,,,0.00488285714415741,,,2440.73125718071
Burundi,BDI,2005,0.900000000901912,13.2520699188223,,-0.510079090142335,,,0.0523404213217611,,,2382.91802102345
Burundi,BDI,2006,5.41380714491444,2.7454200021424,,-10.4870448125811,,,0.00248110542789525,,,2445.1600011629
Burundi,BDI,2007,3.44449364663615,8.41206285772543,,-8.20727615108639,,,0.036885807330262,,,2405.58881106561
Burundi,BDI,2008,4.90874190813545,24.4069510353913,,-16.090734369062,,,0.237816296916251,,,2387.84527890218
Burundi,BDI,2009,3.7870758305051,10.5554355299529,,-9.07806464648816,,,0.0196229518082158,,,2338.35989766695
Burundi,BDI,2010,5.09373697323055,6.49326591473993,,-14.8111210984709,,,0.0384119130803942,13.855957125156,,2339.51100244276
Burundi,BDI,2011,4.02442793864228,9.5921660597967,,-12.6836763902514,,,0.150057243665302,15.5318060779053,,2356.11596764748
Burundi,BDI,2012,4.42303118490126,18.161045306545,,-11.2209754829117,,,0.0259911934949934,14.5331459203268,,2384.08562633203
Burundi,BDI,2013,4.92392485117456,7.93795807492417,,-10.5411437462372,,,4.7612156740524,13.4877674722013,,2424.09258091522
Burundi,BDI,2014,4.24490803087248,4.40535234185293,,-15.847519265777,,,3.38973967159169,13.6898075518283,,2455.01878289939
Burundi,BDI,2015,-0.404525595204191,5.54468891259779,,-12.7716902710485,,,0.264702987630016,14.498972475504,,2399.27066051592
Burundi,BDI,2016,3.20017470604286,5.55768961400965,,-12.518429325456,,,0.00210472726474442,14.0031515069336,,2449.26989535696
Burundi,BDI,2017,3.83185756925806,16.0525353030391,,-13.1912710345622,,,2.30701019619549,13.8214527656916,,2487.27477683065
Burundi,BDI,2018,5.3422447312502,-2.81469807668465,,-13.366968151704,,,0.228727114717487,,,2532.02366045325
Burundi,BDI,2019,4.45934202358784,-0.686772170797358,,-13.689181364132,,,1.05451097508345,13.5121247971463,,2546.35560242313
Burundi,BDI,2020,0.306443809481593,7.3211064341552,,-10.7286410024439,,,0.656677740998658,12.9599323356545,,2499.79203059536
Burundi,BDI,2021,3.23707479823578,8.4045384507634,,-11.3317044716325,,,0.650589004531073,12.6333374587306,,2475.74288463568
Burundi,BDI,2022,2.31770122223331,18.8008786664944,,-15.2421619423092,,,0.625576918322977,,,2435.84520392277
Burundi,BDI,2023,3.254768974261,26.9414835762453,,-18.2997760558087,,,0.990959506801914,,,2428.87889281245
Cabo Verde,CPV,2000,14.2848688450919,-2.47745668519835,,-11.1544820568204,27.0072185431265,60.5133898183652,6.34282422287075,,,15289.6836029824
Cabo Verde,CPV,2001,2.23165454528898,3.34996472317894,,-9.89947075706639,29.80941288281,62.3543096146052,1.60013112628632,,,15270.9328640435
Cabo Verde,CPV,2002,5.25089116960211,1.88453410076764,,-11.5146928529663,32.5449567130458,68.5447455805704,2.37854487715663,,,15682.0898127944
Cabo Verde,CPV,2003,4.17625932578332,1.18817038620528,,-11.1255219641803,31.3643511669509,67.4040296407038,4.82213415181345,,,15970.986914199
Cabo Verde,CPV,2004,10.197072633926,-1.8908217230618,,-14.0635896425988,32.004173065871,69.5629969236308,7.312720061603,,,17149.2453618178
Cabo Verde,CPV,2005,6.91245795720201,0.41889161285517,,-4.18205952542758,37.7773604608664,66.5664793961861,8.2812271109681,21.0767998978947,,17912.7216790817
Cabo Verde,CPV,2006,7.98375044795048,5.36907687065548,,-7.46948939503442,45.1322052608015,72.6844919720202,11.8764317277784,22.7417663414263,,18908.0512511502
Cabo Verde,CPV,2007,15.1706879735517,4.41099704193488,,-12.0126265488265,33.7458980966483,60.4603094511364,11.6247473388534,19.175765528895,47.271484248355,21302.406043821
Cabo Verde,CPV,2008,7.03901129565128,6.77443546371142,,-10.4743154022798,34.340453755196,56.6259344844295,10.7624753520891,19.4194463721053,45.9358045471371,22354.3190974403
Cabo Verde,CPV,2009,-1.50358672385678,0.991103480568084,,-13.2225925658414,29.0378296130176,51.4231265195168,6.80241863090143,16.8835936405793,41.3602933111924,21659.7372198561
Cabo Verde,CPV,2010,1.83641914989978,2.07866470906423,,-12.2081961374489,30.2838226775205,55.2646272040987,6.36802137795552,16.8224328482522,44.9568060390526,19747.5687709882
Cabo Verde,CPV,2011,3.92471821338283,4.47388342165023,,-14.8785945210366,32.8742610267506,57.6821890855242,4.99538224029443,17.9870830170972,44.9117743846551,20243.7323100586
Cabo Verde,CPV,2012,1.08364848376166,2.54039644167108,,-12.7312450215892,37.4634532272165,53.1864633269004,6.69129799994045,16.2810827268418,35.2038713812683,20241.6375015224
Cabo Verde,CPV,2013,0.632136727385131,1.50654285701407,,-5.2914571085641,37.5168385673901,48.6530214634517,4.40125011545419,16.2703554620725,29.9872865504067,20213.4865258101
Cabo Verde,CPV,2014,0.696666840118581,-0.238778144990623,,-8.2745528647665,37.2482924821867,54.0555599295354,8.84407322092194,15.5325589020017,34.9962522997627,20251.306404878
Cabo Verde,CPV,2015,0.936026507808833,0.131187999024544,,-2.89127851947954,41.1352016327173,52.873285384082,5.49024513305668,17.1355967789329,29.1071744394227,20368.4232599548
Cabo Verde,CPV,2016,4.28071482662371,-1.40781637091705,,-3.4671600025876,41.4729487181747,53.9051911427786,6.82845117866997,16.7252781324397,28.5553782407275,21195.4244944538
Cabo Verde,CPV,2017,4.5513148102974,0.784415251101334,,-6.99311648831081,42.0688035837608,57.9833303204581,5.59469673480566,17.803638365855,29.2834862444324,22146.9640100607
Cabo Verde,CPV,2018,3.70696458310842,1.25615185860785,,-4.40170436068748,45.865993464408,60.0015305876965,4.69595735976167,18.9316063388254,27.486159184509,24408.2403372433
Cabo Verde,CPV,2019,6.94782634051859,1.10750930553819,,-0.968698566651976,46.7050331370949,56.8976233266308,5.45788755667341,18.2240332372127,23.4319738651901,25206.7704557971
Cabo Verde,CPV,2020,-20.8052758990735,0.6057961856899,,-15.6834304999368,25.2933707721998,53.1000838209903,3.71218491455203,18.3857032934311,28.9619236573871,22084.2748412221
Cabo Verde,CPV,2021,7.03353010694514,1.86215256793885,,-12.2149776787505,23.8497983576563,53.6052602688779,4.45730498164251,,27.7497642140942,22885.8042493684
Cabo Verde,CPV,2022,15.843675684642,7.93092928079189,,-3.48336678220334,38.6842542170134,58.3098826343223,5.43014452079405,,21.8794313027596,24209.5353748199
Cabo Verde,CPV,2023,4.7947613911073,3.72437535861454,,-2.76950697327033,39.2805048495495,55.7519894851197,6.33796269296642,,21.7251071461541,24900.6156411164
Cameroon,CMR,2000,3.83241779430614,1.22719012976132,,-2.06689776396929,24.8568127317047,23.0711315143103,1.51144473289681,,17.1923305666251,9157.12252028295
Cameroon,CMR,2001,4.32426119221549,4.41977245881145,,-3.17394469214094,25.2612172490423,26.3110519399942,-0.10652670822566,,18.7740622006083,9270.62632692102
Cameroon,CMR,2002,4.47702683369155,2.83442260128066,,-3.53790565581225,22.9861583659013,25.495564362059,4.06898458469026,,19.4413944162664,9323.66965289923
Cameroon,CMR,2003,5.45315368881347,0.623163557374316,,-3.74372948027078,19.4369114585916,20.8062811308613,2.09694383064128,,18.0947361657846,9459.26618988592
Cameroon,CMR,2004,7.04886281858374,0.233647380067583,,-2.21065060210036,20.5475737052101,21.2901687220456,0.361118040793554,,18.8678143226466,9745.64377672431
Cameroon,CMR,2005,2.22827020924117,2.01353950175986,,-2.54005821725892,22.2454563981154,22.7522249497324,1.24860831295214,,18.6709254882433,9607.27806863955
Cameroon,CMR,2006,3.80958327566137,5.11757816019469,,0.925460105397848,24.1790940584351,22.9253401219216,0.282739555044298,,17.7758598449069,9623.12505690674
Cameroon,CMR,2007,4.32758900972871,0.921402245650095,,1.19555212022133,26.9786418047148,26.237049055803,0.792290665611713,,18.3784496512645,9681.92644431034
Cameroon,CMR,2008,2.8476778892105,5.33780627627498,,-1.62929165447174,27.0083654696037,29.9160516866697,0.0757546676819469,,19.7540543269388,9901.93066363864
Cameroon,CMR,2009,2.57925177738754,3.04361847939999,,-4.02097111334696,19.5824152849101,22.5936920745664,2.671669501987,,18.5596853746796,10127.4316501036
Cameroon,CMR,2010,2.89902472122014,1.27538046242338,,-3.11602303510796,22.368890297982,24.8696950986131,1.94952386693621,,18.2284440377378,10416.3765835342
Cameroon,CMR,2011,3.37921128506045,2.93969946305091,,-2.44588511307823,24.229686622931,27.2923009809871,2.13270391251932,,18.732400822037,10584.2469627371
Cameroon,CMR,2012,4.62597872209571,2.73529677529539,,-3.17006037197893,23.8767238437792,26.1592888833437,1.7488404761216,11.3444056049257,18.0007381699582,10887.8586222804
Cameroon,CMR,2013,4.99552916130783,2.0503471800174,,-3.34459990547818,23.6391086680292,26.0354276781842,1.62296806273401,11.5221169764532,18.6515459692181,11241.9271865694
Cameroon,CMR,2014,5.71981814509198,1.85489850366776,,-3.8530031990371,23.6099755336855,27.2224137750793,1.99484327731063,12.285343811226,19.7278343398902,11647.8987160613
Cameroon,CMR,2015,5.66695298703932,2.67623531419899,,-3.64384590025673,20.9891496295315,24.5509971984078,2.15564021048479,12.1109695914613,18.2498554883353,12041.3861903607
Cameroon,CMR,2016,4.53579423678801,0.874190383288856,,-3.06806029650276,18.9499787559649,21.6886527708619,1.96334943457327,11.6520313878748,19.8180548448427,12354.6966618624
Cameroon,CMR,2017,3.54117654926007,0.64040914988195,,-2.63102845264373,18.3510985830022,20.8479230222608,2.25620975874553,11.8759411884958,19.4451374024879,12591.0295281773
Cameroon,CMR,2018,3.95551423892049,1.0688581131292,,-3.52725517847682,18.7362534690181,21.8513494080099,1.91485781286221,12.3469457091006,19.5380296351056,12888.618864514
Cameroon,CMR,2019,3.47505998194981,2.45280214062732,,-4.27316997253141,19.8500907473186,23.528422500723,2.58340602489154,12.0282727602432,18.9346454960496,13118.161243185
Cameroon,CMR,2020,0.259932915907115,2.43760882182236,,-3.70931267651989,15.2357369814791,18.503094380908,1.65595614712353,10.8705828088042,17.6605439792144,13085.3670912701
Cameroon,CMR,2021,3.33885747179505,2.27185762503637,,-3.98670897608131,16.5088840367781,20.2219506820777,2.14061326900656,11.3415157249134,18.1266921736343,13249.7844554751
Cameroon,CMR,2022,3.7367840056412,6.24767713343861,,-3.39397488391441,19.321813317909,21.9647892415588,2.08735032157122,,19.1074398091244,13230.2122394146
Cameroon,CMR,2023,3.34756290750219,7.38281384280983,,-4.13580101370032,16.8527562193087,21.0375759049491,1.68299656289954,,19.2850918964923,13247.8419301564
Central African Republic,CAF,2000,-2.48943244028874,3.20340091563112,,,20.3722135905975,25.2875684031294,0.096977752043516,,11.0722959362908,3335.69413760739
Central African Republic,CAF,2001,4.46473902640867,3.83486060237361,,,17.1572538375263,22.5732458997066,0.555825631817538,,10.2408292129649,3407.85302702896
Central African Republic,CAF,2002,3.61654219150596,2.33181703516234,,,15.96270493648,20.1458598429982,0.566657013276163,,9.62494666555282,3451.54186758534
Central African Republic,CAF,2003,-5.39748521855877,4.13470905150995,,,18.2360038377682,17.9952221645791,0.989218808380309,,6.4047925068294,3180.83032701127
Central African Republic,CAF,2004,5.99488422798696,-2.06640601136302,,,13.997917508823,19.2460374099972,1.1867705571186,6.21197995714737,6.81213802638146,3293.45921294853
Central African Republic,CAF,2005,0.908210514871953,2.88352073359021,,,13.3627533256972,21.7081835399254,0.754917589946925,,9.86481735599986,3244.74291986793
Central African Republic,CAF,2006,4.77108543044105,6.69526465773354,,,14.3160051485309,22.0798650802068,2.37163652036171,,10.2342110190608,3330.88797113952
Central African Republic,CAF,2007,4.60753485452025,0.959917619457109,,,14.1153274204234,23.4655715983662,3.33860588929027,,10.6872405778362,3423.52418494633
Central African Republic,CAF,2008,2.05413096200485,9.25895099417076,,,11.0036647020449,23.4338571075068,5.87486387887319,8.28435088958081,12.728492373968,3423.08401972537
Central African Republic,CAF,2009,8.58726042640994,3.52126227238642,,,9.84164990187971,21.6525965878002,2.04509891475672,7.90850338366884,13.2041724777738,3759.0331361594
Central African Republic,CAF,2010,4.63081843223307,1.49102370047802,,,11.6258010719319,22.8046808823724,2.8712892233531,8.4078921966114,16.8437813047686,3988.55712620076
Central African Republic,CAF,2011,4.19461533741989,1.1944757244985,,,13.127820098599,21.3477982341309,1.5138934301082,7.54040362417486,13.7084644737209,4112.75050066976
Central African Republic,CAF,2012,5.05376125356918,5.47829594346117,,,11.5501330018626,21.5093155924689,2.79010478789883,8.17237728051962,10.8339751287687,4315.72208041007
Central African Republic,CAF,2013,-36.3919770983887,6.98879341970198,,,14.9729547921906,23.4263327799409,0.109532467338194,,7.5153240218181,2755.20444532999
Central African Republic,CAF,2014,0.0810705153264877,14.8986841797549,,,16.6757875879937,36.4193044299887,0.18339589636816,4.09850069590061,21.9907907197476,2809.95238597425
Central African Republic,CAF,2015,4.33712103020231,1.40297017136816,,,17.0676606236635,36.0774871532986,0.176904971713319,5.44899138512974,21.8053804538636,2959.15038871047
Central African Republic,CAF,2016,4.75031684122342,4.94543276106518,,,14.8218796578137,35.7087643640963,0.397590019652539,6.80758893701064,22.463467946845,3044.48095930443
Central African Republic,CAF,2017,4.52727821346231,4.18072331871266,,,17.2597737600181,39.8837719516938,0.332412482969051,7.08124424919758,25.6012512008403,3132.06445748769
Central African Republic,CAF,2018,3.78944359275462,1.61215686991555,,,15.9400300007701,33.7201700016618,0.810612744001372,8.63983071970915,26.0,3194.82203404028
Central African Republic,CAF,2019,3.09999999999999,2.68537355266786,,,15.7553800018083,34.3104199996784,1.1525297989583,8.31845804475991,26.0,3251.55169660674
Central African Republic,CAF,2020,0.899999996857062,1.71015659523152,,,15.1724799997493,34.3485400014428,0.0746698927110639,8.70964482691346,25.9999999979092,3272.29934868034
Central African Republic,CAF,2021,0.982919996264229,4.25936417542868,,,13.2274599967551,30.9316599983489,0.214980465443776,8.20629229709995,25.3641399970476,3265.9248751727
Central African Republic,CAF,2022,0.453901876447787,5.58316735183246,,,12.3004999986493,32.9330700029707,1.00929791484186,,24.3266600012173,3253.1182600278
Central African Republic,CAF,2023,0.69996840076054,2.97913852618936,,,14.4408262093734,29.0397439989846,1.51604656547544,,23.7477562200269,3234.62801565145
Chad,TCD,2000,-0.879681024403922,3.82260088086306,,,16.8900964319303,34.6810755816349,8.29469631381898,,23.2739022193722,4291.1576737293
Chad,TCD,2001,11.6581346546737,12.4312865279941,,,14.6657875448771,49.6561204958082,26.8795142899677,,40.2503769127795,4686.34823629689
Chad,TCD,2002,8.49120981920397,5.19181895195446,,,12.6899405964434,113.660867253469,46.275241273497,,60.1561730301281,4956.41401178709
Chad,TCD,2003,14.7216670128899,-1.75256941248655,,,24.6329669069481,58.7459480529834,25.9829201533053,,52.1217743230429,5484.59086467555
Chad,TCD,2004,33.6293718505196,-5.35540028884816,,,51.0088580567156,50.7597328648482,10.5541199124918,,24.2838719183309,7013.08390686808
Chad,TCD,2005,17.3325337353466,7.89036567462993,,,44.5923490073183,32.9851446424786,-1.1476866334562,,19.1098438642877,7942.62339036938
Chad,TCD,2006,-0.542829570704413,8.03628897951331,,,44.7758222138389,32.3057543891226,-2.86740171976294,,17.7039292404167,7691.19018121003
Chad,TCD,2007,4.20017418206496,-8.9747396200927,,,43.4687945404915,31.6372017327033,-2.96036446114529,,18.3692276250245,7824.07331114805
Chad,TCD,2008,3.08119033861925,10.2969758221254,,,40.071386894678,28.9963877143861,3.48233332294757,,18.5468847123789,7853.96570923642
Chad,TCD,2009,-1.40828262674047,9.95242290748864,,,32.8771516408689,31.9825995508377,3.04360891943899,,19.7181814380475,7530.10544714896
Chad,TCD,2010,13.6738272741836,-2.07786574641866,,,34.4383534129809,29.2928157140982,2.22641001271938,,21.8544482247032,8342.51518626435
Chad,TCD,2011,4.49542966941512,2.0292405367826,,,32.6626669076152,24.8810892794746,1.68950609671276,,24.9696238126319,8481.54835693632
Chad,TCD,2012,9.0618039227671,7.51662364663833,,,33.3980005442342,20.9871881978671,3.24047414068829,,24.9268683598444,8992.35693913102
Chad,TCD,2013,2.83821524768997,0.222671564624551,,,30.1515041957742,21.3793122592074,2.91179134022524,,23.9026222562092,8988.53065103401
Chad,TCD,2014,2.06283074347695,1.6819731392567,,,23.1390359613993,17.6725910245326,-3.72317778039931,,29.4795971629017,8910.88339455541
Chad,TCD,2015,3.30415979759636,4.37712665065654,,,27.9084800637597,20.6030181442288,3.84380092336452,,22.8922387955511,9000.38745621772
Chad,TCD,2016,-4.12250332670322,-0.792440525236102,,,22.6079863534137,21.35002857974,1.87837153237555,,18.3585890168831,8437.56987359415
Chad,TCD,2017,-1.61746922760291,-1.5370996298084,,,23.1856157702325,20.1044456150142,2.72215531343515,,18.5366518857505,8086.93703340021
Chad,TCD,2018,5.74111580758154,4.27462198610545,,,25.8447812653289,20.8936505206894,3.00704966736056,,21.9262549263931,8317.91128201611
Chad,TCD,2019,5.3828220290379,-0.971939175419401,,,24.968456965958,21.7092677493188,3.80153819394825,,24.2909930911624,8466.4207555804
Chad,TCD,2020,-0.393646583111035,4.46414437232861,,,21.286846433583,19.3559706286102,3.73465690769548,,22.7874455493419,8274.36612135632
Chad,TCD,2021,0.29344264815208,-0.77284437035914,,,26.2833492963398,17.6631548052497,4.17913326043699,,19.9485528388339,7965.47291681219
Chad,TCD,2022,4.12969897676332,5.78802687843616,,,31.7353441144244,16.2530343175185,3.44402627536712,,17.971522488907,7874.76969224159
Chad,TCD,2023,3.98004368401293,10.8363568399843,,,29.121747948314,17.7733535611204,4.97994045498876,,19.3001907209327,7733.36576688212
Comoros,COM,2000,-1.00701887109655,,,,8.83631406942087,26.9211644612058,0.0275813880015483,,18.0422951907498,13526.7080169877
Comoros,COM,2001,5.41959971808741,5.55459394816812,,,8.83626078759847,26.9209680633361,0.307423421152582,,18.0423401335293,13920.8118620125
Comoros,COM,2002,4.59768263263243,3.53304214308077,,,8.83617673117486,26.9209423024165,0.100716007387665,,18.0423117261602,14221.7805603357
Comoros,COM,2003,1.93442812313498,3.799081366719,,-3.37217076421928,8.83612986641663,26.9208292512688,0.145062208685244,,18.0423216260422,14202.621300629
Comoros,COM,2004,3.10041210399676,4.47499289078106,,-3.330057820404,8.83602719757017,26.9210359277547,0.108010654825932,,18.0423340046778,14276.307361935
Comoros,COM,2005,5.66520240193151,3.0133239505812,,-4.09701964792287,8.83628108070565,26.9211282431202,0.0852741893191707,,18.0423131684956,14474.1414496608
Comoros,COM,2006,-1.75444679449394,3.37436360121204,,-3.27357312325321,8.83617933253511,26.9210952414491,0.11306053010776,,18.042325784844,13651.8219259869
Comoros,COM,2007,0.803599788247752,4.46616710098131,,-3.97385796874896,8.97534196697091,24.1808372457786,0.966721983950354,,16.8874091034811,13223.7724206871
Comoros,COM,2008,3.96461118871815,1.7007817628453,,-7.53469626604502,8.22134722875202,27.9971791255289,0.507893616352291,,19.2488768740532,13209.1294462543
Comoros,COM,2009,3.24060198483924,4.36234829325719,,-4.35030280964664,9.31193867197775,28.5849836533764,1.52866108214525,,17.990680545639,13101.7504198447
Comoros,COM,2010,3.77788070743117,3.35475770328919,,-4.3322227069687,9.6388970372195,29.9112087657703,0.91966985988271,,18.1749508973221,13074.1182761378
Comoros,COM,2011,4.14356479211455,1.8426630075619,,-5.42473025670485,9.95640374893528,30.0445448235047,2.25967654324554,,16.0214526432815,13110.2127106879
Comoros,COM,2012,3.16835627559691,6.31474450315177,,-4.04970428541402,8.94587438043724,31.864568028505,1.02133818400059,,16.1515733552023,13041.7467453981
Comoros,COM,2013,4.4661636979028,-4.29487331536756,,,9.04839531582168,30.1949350991712,0.379103082802071,,16.3561844068715,13153.3004402712
Comoros,COM,2014,2.10666920560958,7.54755379096711,,-3.7803293757662,9.67647248263502,29.5593519342844,0.407499039358216,,15.2029658478834,13009.5970124579
Comoros,COM,2015,1.14747399397193,-0.117173884190069,,-0.256465657736018,10.1361983069761,27.6687537644801,0.511029838634196,,13.6380402758518,12401.6036636097
Comoros,COM,2016,3.32039987961315,0.797517430888487,,-4.34858918733341,10.6728955768962,26.4599841389376,0.352458395658835,,12.5606730066488,12101.1008874528
Comoros,COM,2017,3.81570211280726,-0.237362224154613,,-2.13204216493526,11.9013164484663,28.2630424728857,0.363776536091142,,13.4334433748138,11854.4544926302
Comoros,COM,2018,3.64259587408398,2.15155084413033,,-2.85692338370682,12.9090229917834,30.0871303451619,0.48130680430061,,14.868092932593,11603.7416218137
Comoros,COM,2019,1.76070164655727,3.58213544469211,,-3.35158582912686,12.7734606403663,29.4946178969246,0.362046315267837,,12.7348062523346,11174.4576484191
Comoros,COM,2020,-0.195577456821965,0.786641929499151,,-1.8090566931838,5.67175210068826,28.0581825022336,0.318014572633564,,11.8017625207878,10711.4438840008
Comoros,COM,2021,2.0001921183449,-0.00441793682346988,,-0.320369119235319,9.91703417454813,32.1506894622965,0.316353618234776,,13.5021643817496,10325.0961385362
Comoros,COM,2022,2.60301031927843,12.5320314570998,,-0.429292176773693,12.9470275035631,37.4417429779068,0.337727307705265,,13.3347943010824,10236.7725239683
Comoros,COM,2023,2.99521564038136,8.37373955490995,,-1.85564839050677,10.354880611033,35.3288983085942,0.403422329791574,,13.0144879484644,10293.7756716506
DR Congo,COD,2000,-6.91092731652104,513.906843747535,,,11.4496120313427,15.5647908914142,0.493452281553792,0.779702331211264,14.4334963339406,2574.08473144697
DR Congo,COD,2001,-2.10017302488848,359.936614264585,,,11.987684833486,13.0542526803531,1.37428477040761,2.75245906279561,6.70414075173646,2442.87885112557
DR Congo,COD,2002,2.94776518359767,31.5225826025495,,,15.6713428067886,13.6455028361936,2.1493797198493,4.23547372723084,7.43579108293426,2439.03366863076
DR Congo,COD,2003,5.57782231144439,12.8739657187404,,,24.0004430362555,30.0309131413864,4.37764234247167,4.04019790111332,9.52455484338981,2500.45668822052
DR Congo,COD,2004,6.73837393324293,3.9943840081597,,,22.7295135131027,26.6069011123967,3.97216281770058,5.27673897174681,12.2569205489908,2591.23011499871
DR Congo,COD,2005,6.13515115548968,21.316816722934,,-3.08174753918885,23.1598967085384,27.8677782060181,1.42746926673699,5.61765160085664,17.1365592567105,2666.57103135433
DR Congo,COD,2006,5.10894433184896,13.0526949745101,,0.30870487289839,20.2535145998247,24.5131943931488,1.65396062655392,6.37306348181425,17.4216172639662,2759.06655683521
DR Congo,COD,2007,8.52992974243585,16.9451006541949,,2.86805721465824,35.5890633546039,37.409239823168,9.83955871746128,6.36897996666217,15.8599755149209,2952.77422383477
DR Congo,COD,2008,7.40172337539792,17.3013845700156,,-0.664510638477548,33.9875035809117,38.9652057387449,7.59918523525185,7.80871794316237,19.1942664559253,3129.16495910914
DR Congo,COD,2009,0.565481557604713,2.79999999999981,,-6.03581629618423,26.8725722352707,36.2134323152604,-1.30701676006767,7.90960875850895,18.3539612035209,3103.59188435217
DR Congo,COD,2010,7.84300782191249,7.10000000000037,,-8.99566348265581,36.6940248162745,44.3034905746837,11.3498081290486,7.45327769625285,24.0289275977627,3293.29449607886
DR Congo,COD,2011,7.59331721294959,15.316515913949,,-4.85216679390097,38.6881773805013,44.725186419329,6.04729215599495,,25.2869778606739,3481.58940160593
DR Congo,COD,2012,8.66859360531922,9.72182806273364,,-4.19742912084297,30.0613074272917,36.6443673192831,9.62926566877035,8.64379961257257,26.1121884425366,3717.9892191229
DR Congo,COD,2013,9.62448879216879,0.80822310148711,,-8.90999507535482,34.1359763766297,38.4197781372717,4.86537109127196,8.47036896281173,28.101667729394,3953.81064974782
DR Congo,COD,2014,7.30227750870263,1.24303889760802,,-4.49147540188532,32.9467178753709,41.1664550628312,3.90992337722209,8.08636550131969,31.9941439501849,4116.01981225344
DR Congo,COD,2015,6.35973756164829,0.74419899478147,,-3.69282012359848,26.0071219054555,31.746801710869,2.90127515060918,8.59028413326879,28.2489760430453,4253.16815783092
DR Congo,COD,2016,0.393832798154563,2.88585107289988,,-3.89676371833081,31.1223783108872,36.885955975126,2.41546438746157,7.65044332628552,25.730139110082,4136.28680166316
DR Congo,COD,2017,4.24121047272719,,,-3.30715525146266,31.0840226026107,34.8344299251471,2.79181852942997,6.67528812377587,27.5611277266771,4170.70756694107
DR Congo,COD,2018,6.07168870646615,,,-3.58406179220142,34.4656241504362,38.0935497576974,3.01664160584951,7.43715203896905,28.6743449237541,4298.48712497744
DR Congo,COD,2019,0.555384294580819,,,-3.61447223411752,28.4657291929772,32.448623181302,2.88391132652101,7.0484177507343,22.3026244777218,4209.39366167638
DR Congo,COD,2020,0.775427992354622,,,-2.2533450200438,29.8455118333319,31.1829589394597,3.20844071096691,6.70873789308189,21.848825739462,4201.78726800031
DR Congo,COD,2021,6.42961005647355,,,-0.994470839405088,37.829511069311,37.5575413167622,2.84027556004194,7.86739721576173,32.5613117581078,4317.43026021784
DR Congo,COD,2022,9.31116944064918,,14.9405246182608,-4.47028471935159,40.8203246110598,45.001844576936,2.00131622839817,10.6622824647321,36.6858404848256,4483.15260988407
DR Congo,COD,2023,8.5334898318451,,,-5.55915292797553,42.0539835211192,44.6860746587097,3.40082269757578,,34.0781273164972,4701.6239708407
Congo Rep,COG,2000,7.5759803952642,-0.88199151702543,,20.1289422019463,80.297147219193,43.6127371864776,-3.04039258438044,,22.6259541984733,24056.4651989179
Congo Rep,COG,2001,3.80260189913561,0.0559899218140582,,-1.01723380328061,77.4200268515354,53.3124542303374,-4.84426109284501,9.07093687448128,26.356637211346,23871.8230053951
Congo Rep,COG,2002,4.58187006108889,4.37875971780872,,-1.14076678309812,81.5164254833959,53.9396455888641,6.59456506726084,8.14290465105231,23.4075965604067,24301.2866637295
Congo Rep,COG,2003,0.813264076303781,-0.631844987363156,,14.8882764007301,80.8123655970076,76.0494117383601,6.28014568176251,8.64750467565705,26.0903241706861,23847.3577918156
Congo Rep,COG,2004,3.47663162118089,2.42976607961799,,14.5085104569995,80.5297928332926,50.8384058840296,1.90162065209621,7.81359440634417,22.5203408420881,23758.7148474134
Congo Rep,COG,2005,7.75575897806648,3.09449011456181,,10.4641144260127,75.0050837514178,44.5478085109842,12.0498455846018,5.68812043548284,25.9379984821473,24567.9173074408
Congo Rep,COG,2006,7.98623836334291,6.53784395299603,,1.53894345042081,77.4641294571561,48.1366335173347,18.4459801245354,5.29500881987698,28.2834567847369,25387.0890599043
Congo Rep,COG,2007,-6.61399480441001,2.65464645060702,,-24.0002254918381,68.4853907202658,80.101234674803,16.216555026587,6.02757381714862,61.0536960552352,22895.7560842326
Congo Rep,COG,2008,6.30637595585259,4.95875092023151,,7.46170443036968,73.4029185288145,59.7055681307939,16.7210018165878,5.89662454769078,42.0714121709361,23566.0934280411
Congo Rep,COG,2009,11.6372888615758,4.41500374795223,60.2269417189103,-14.1030536085047,64.479912106445,71.0724535755305,12.2288862499697,8.22388188953649,54.295110833528,25194.6685831816
Congo Rep,COG,2010,9.93126543095578,0.391525011227612,25.4826844740907,6.85413566856583,68.5280915300939,55.5366628695135,11.5772952217296,6.90293864613017,47.1901706659231,26360.1778364394
Congo Rep,COG,2011,2.20591936286718,1.75958704273803,,13.2423472931453,73.6117327393895,50.9800099707519,1.90783479461617,8.11448976998956,36.8419012310002,26195.7514421448
Congo Rep,COG,2012,9.94715314257564,5.01018773134471,,13.6849086384196,58.0820278199554,39.3624073254876,-0.391399397519283,7.27824633580598,43.8168282700271,28143.079192487
Congo Rep,COG,2013,-0.712434451876447,4.63161619729461,,10.7855804840986,52.9343405840282,40.0685228074953,10.4621010083708,8.62436076451018,47.0644823800022,27530.2700187015
Congo Rep,COG,2014,6.64606540928447,0.912139545450097,,3.79355485952657,53.1336383710482,51.0639817323687,16.1339951694307,9.58092115614526,52.8446172450901,28728.8684227933
Congo Rep,COG,2015,0.415193061293763,3.16909796750829,,-37.2388274641582,40.8570487934502,76.4636727651309,34.4182561027248,12.1951444175552,76.7823246780685,28368.9124321135
Congo Rep,COG,2016,-8.68524343913786,3.19056179723773,,-32.8963883802867,42.068526050081,80.1912922339397,0.46296936341342,13.089464226841,71.266855758205,25424.1927167189
Congo Rep,COG,2017,-5.59477371915547,0.450063823285546,,,47.9627316588394,46.6543635995027,37.3227748739474,10.1352630831832,45.8944862253605,23566.2991831936
Congo Rep,COG,2018,-2.30431780125842,1.15277896375523,,,62.2105922950548,38.372624484659,29.2086100198947,6.82845231849733,29.5270088622039,22486.3883836695
Congo Rep,COG,2019,1.12447391976529,2.20607305781525,,11.6793050600101,56.1988143702835,35.3769404227539,-10.214754646531,7.1015493816633,25.9000965433665,22069.2879812779
Congo Rep,COG,2020,-6.26777227963225,1.79537147083107,,12.5614280869547,40.7190432792988,28.5875814395408,-17.2921171034228,8.32448488619369,23.7315670324983,21607.6987225482
Congo Rep,COG,2021,1.01507036990908,1.7156427545126,,11.5738751772006,52.8365708586233,32.7096322965954,-2.15982873741865,6.50908825817085,21.9769014632722,20957.553893758
Congo Rep,COG,2022,1.47535613247133,3.04344334698477,,,63.8121468562925,34.3491898359076,3.36508336137956,,20.9792068255243,19464.936072741
Congo Rep,COG,2023,1.90686426346754,4.30174563591016,,,56.8959278033859,39.314466600576,4.0889721782705,,25.2109559920067,19202.4014720953
Cote d'Ivoire,CIV,2000,-0.265789462275947,2.53077516737996,,,27.7900585635603,27.1739330659549,1.41578193433815,,15.8924072733403,14390.1607488068
Cote d'Ivoire,CIV,2001,-2.15401249077306,4.36152914007256,,,27.4698146295241,25.6442900885205,1.62207726789971,9.53622594518063,14.2203409229788,13745.4118625971
Cote d'Ivoire,CIV,2002,-2.73052647441901,3.07726485157427,,,31.361161437556,24.5407867899829,1.17744492416162,10.0548462063633,12.0234754844887,13057.6134001352
Cote d'Ivoire,CIV,2003,-4.72586658630681,3.29680746974208,,,28.741013407249,24.519047274628,0.778244315036861,9.6568945061175,13.9684419032966,12164.8554507461
Cote d'Ivoire,CIV,2004,3.18503822575397,1.45798835600741,,,30.1412888678631,27.9770074357315,1.20362782194335,10.0128885806634,14.7182926366705,12245.5858818475
Cote d'Ivoire,CIV,2005,0.996065564854788,3.88583039886481,,0.165122856652972,31.8789802252367,30.9419558150439,1.45218108383072,9.87243911760948,13.8421414471747,12070.9806279525
Cote d'Ivoire,CIV,2006,2.81557859252327,2.46719148596914,,1.89621807045563,32.8409302334209,30.8494468280311,1.38823180058485,10.3299160766247,14.1808271176765,12098.7214284366
Cote d'Ivoire,CIV,2007,1.10142976793477,1.89200629349597,,-0.484088679670274,30.4909527241434,30.9399896242992,1.54311664780089,10.6657567522302,13.7262735107761,11958.1943304482
Cote d'Ivoire,CIV,2008,4.7826659787672,6.30852769152578,,1.33044255664335,31.0136690713744,30.9269522255755,1.37441880759786,10.7442668136723,18.1800206859596,12114.82992637
Cote d'Ivoire,CIV,2009,3.60332156667053,1.01950457731137,,4.79271756698353,35.4127413048103,31.2601624421082,1.17339078576713,10.5012658369382,14.7435495856944,12056.3916659267
Cote d'Ivoire,CIV,2010,6.84804939907013,1.22645612135479,,1.33095270108223,33.4995745908321,33.9733654904249,1.02606239201511,10.213762113664,21.6810545298756,12386.8706083442
Cote d'Ivoire,CIV,2011,-5.37044724000579,4.9124339505245,,7.26612761772171,35.2813763519634,29.4345267091711,0.822954277239134,7.57148126100708,16.5937189121478,11364.7957375499
Cote d'Ivoire,CIV,2012,7.62041176451649,1.30451119915606,,-0.882958574823462,34.9824903983423,35.3185989207826,0.909737108884904,10.619351578358,20.4508171031026,11835.8193077871
Cote d'Ivoire,CIV,2013,10.7602131311256,2.58117037252935,,-1.48012277771383,29.1604026575655,29.1922765951579,0.953203642314205,10.6359292433206,22.9098013286147,12358.9983027872
Cote d'Ivoire,CIV,2014,9.37199994240375,0.448682076766141,,1.04562413672806,28.1569587645537,25.5234587964808,0.899528920528967,10.1172575454966,22.6204558252908,13052.4059196414
Cote d'Ivoire,CIV,2015,7.19494942728191,1.25149954781467,,-0.439534823506041,27.3553887828515,25.3599716787416,1.07914154751206,11.1757327985719,23.3881494701744,13563.8280486683
Cote d'Ivoire,CIV,2016,7.17275963956332,0.723178457513308,,-0.855798630849982,24.9422703076696,22.6240435858959,1.19375800859004,11.4603709076892,23.1954091913848,14077.1274275355
Cote d'Ivoire,CIV,2017,7.41076242592504,0.685881065304603,,-1.99780015304641,25.4976059509019,23.1619990878158,1.85673486381973,11.7563706937153,20.8188163794498,15083.6351340213
Cote d'Ivoire,CIV,2018,4.84314605889178,0.401297817263547,,-3.90363086723186,22.6957319368612,23.3442963002978,1.05998699614336,11.6659927465613,22.2527904990641,15487.8189080678
Cote d'Ivoire,CIV,2019,6.72137167584978,0.79085551205366,,-2.23379059024848,22.6604887650452,21.9999218180343,1.40583048179048,11.6654955006353,21.9899384954404,16182.2996411821
Cote d'Ivoire,CIV,2020,0.699728593494228,2.41252617189052,,-3.13243536755175,20.9934684842997,20.9491633347529,1.13111245703154,11.7866882349007,21.7428934104601,15835.3594569968
Cote d'Ivoire,CIV,2021,7.06332910205232,4.15919657911797,,-3.94825311453383,22.2962678369402,22.8177649393033,1.91282655892028,12.3894127185479,23.5753170688856,16154.729364062
Cote d'Ivoire,CIV,2022,6.39988362720531,5.23352856100842,,-7.60520680486661,24.2673603262295,28.5990307151189,2.2547265327193,11.8184021009685,27.4853115364793,16390.3109715642
Cote d'Ivoire,CIV,2023,6.60000045223954,4.36972254867474,,-8.05003680066955,22.4353390507141,26.3816648596191,3.07641433618414,13.0371915910548,24.5444478808032,16924.8539357154
Equatorial Guinea,GNQ,2000,18.2137799569674,4.80228886901398,,,,,14.7705365281136,,,35981.4921349472
Equatorial Guinea,GNQ,2001,63.3798754250602,8.82538925854966,,,,,64.3841007471897,,,55109.5443576046
Equatorial Guinea,GNQ,2002,19.4628340359251,7.5924784983324,,,,,17.899145375458,,,61793.0875074919
Equatorial Guinea,GNQ,2003,13.9552503163825,7.32354399351809,,,,,27.7605754478919,,,66158.8806841744
Equatorial Guinea,GNQ,2004,37.9987268556423,4.21968787094834,,,,,7.72914723671237,,,85806.8023676538
Equatorial Guinea,GNQ,2005,16.7487006053541,5.63163351357613,,,87.4173831312055,43.6070886820041,9.36000539014064,,39.4767488235046,94947.3781929266
Equatorial Guinea,GNQ,2006,7.70491760658767,4.41589984169561,,,82.3256504465367,36.2071319224003,4.65478286948259,9.66888288644266,26.5011245422482,97452.3884894913
Equatorial Guinea,GNQ,2007,15.2821139194857,2.80373831775704,,,88.621293972478,45.462495885091,9.50702132548057,7.54668815352279,29.585907339941,106956.134788685
Equatorial Guinea,GNQ,2008,17.7991091333811,6.55176691184535,,,89.2243501802952,39.4636564211627,-4.01962840224965,7.78635988913296,27.5417518128173,119790.663911688
Equatorial Guinea,GNQ,2009,1.34335628806095,4.69106567747375,,,74.342209937853,47.8698671729483,10.8879553596521,12.7630966475237,39.3928256509129,115463.335624127
Equatorial Guinea,GNQ,2010,-8.92417588851806,7.78916547991184,,,85.7584331985967,58.9097918026514,16.7581567258275,7.5861592239033,38.0562994925977,99942.2170140956
Equatorial Guinea,GNQ,2011,6.52392362989873,4.805389221557,,,75.0953126579793,39.2820339785109,9.24740468952516,7.01579011251936,32.0492712659016,101255.311664286
Equatorial Guinea,GNQ,2012,8.31287184445641,3.65662048278806,,,71.9049918240751,44.7704306482886,4.4007560526439,8.7422190526891,41.1481428957988,104538.950072351
Equatorial Guinea,GNQ,2013,-4.13319850131583,2.94887694639662,,,67.6533166625479,39.239968263518,2.65594378481707,8.51634994290945,30.3080451576082,95615.3191728679
Equatorial Guinea,GNQ,2014,0.415066301596866,4.30999866149107,,,65.9632885983728,38.4159100730149,0.771291915530887,8.29890080820683,28.7093001746,91831.4241261442
Equatorial Guinea,GNQ,2015,-9.11004114881537,1.67663085315988,,,56.6584738218082,42.2195853462674,9.00761663149669,11.4567349338539,24.7014529043977,80101.4996361621
Equatorial Guinea,GNQ,2016,-8.81641723219757,1.41193915479015,,,51.4128299447575,41.1879007790367,15.6154447046738,6.38440698934831,16.6986459903143,70187.9842782095
Equatorial Guinea,GNQ,2017,-5.66750850486686,0.74435474661241,,,58.8631052137026,43.5651530381,3.1541343035206,5.9818468716613,14.03171665413,63789.4909383476
Equatorial Guinea,GNQ,2018,-6.23654406734575,1.06007410662171,,,59.6145347244398,44.0311468985135,-1.10304372116447,6.1689089093843,12.5014966275534,57701.2978986851
Equatorial Guinea,GNQ,2019,-5.48182537893445,1.53027528964189,,,51.1307495482003,43.7480428771542,7.22811929659373,9.30194361410621,10.891703090741,52784.1850252366
Equatorial Guinea,GNQ,2020,-4.79108083383294,4.76669523944228,,,40.8454498501516,37.0824347940291,-0.0916985922610923,8.01129013446091,6.98846405853807,52830.2373578031
Equatorial Guinea,GNQ,2021,0.860269956382069,-0.0971007664640198,,,45.1275510492817,31.839097550571,4.59725955429429,5.39509912593539,8.24679554193157,51454.7137110205
Equatorial Guinea,GNQ,2022,3.22350831658598,4.78671704710803,,,52.9670852025115,28.8459309342984,10.1419330984832,6.5959868257378,7.33815470437154,48486.4005083109
Equatorial Guinea,GNQ,2023,-5.08930872071532,2.85949506037322,,,36.6023261927194,24.8409553263226,1.14918183344023,,9.3599926039255,44718.84731959
Eritrea,ERI,2000,-3.14198590251638,,,-14.8161574838645,9.67062059350866,58.2107413330059,3.94553531730238,,21.9967567603027,
Eritrea,ERI,2001,8.75543552816325,,,,10.8070403599802,61.2556705989949,1.61245168864149,,35.2606217610795,
Eritrea,ERI,2002,3.0054291917378,,,,11.7811808402808,64.8089828171642,3.12155398906868,,29.5489323270544,
Eritrea,ERI,2003,-2.65551592487554,,,,6.44232783354792,67.5654964566073,2.87271930691421,,26.5439604075464,
Eritrea,ERI,2004,1.45173556595506,,,,5.77539898239118,59.7955078666408,2.17335313535463,,20.2629217457409,
Eritrea,ERI,2005,2.57444955124846,,,,6.16571332006919,54.9403177017381,0.130327551691687,,20.3394397206045,
Eritrea,ERI,2006,-0.969217110711355,,,,6.8995093921478,38.3613366615876,1.26949256396085,,13.6811165438244,
Eritrea,ERI,2007,1.42682221120323,,,,5.77185258376616,28.7877069488713,0.546785999949131,,12.6735754136609,
Eritrea,ERI,2008,-9.78303001782456,,,,4.42875664923759,26.132193400212,2.82570036794966,,12.7135404800139,
Eritrea,ERI,2009,3.8765015275421,,,,4.52862385911089,23.443517755704,4.9011804838025,,9.26379597839317,
Eritrea,ERI,2010,2.19419034888082,,,,6.37837659786896,31.0930888587001,5.72501513985957,,12.3854014927083,
Eritrea,ERI,2011,8.67980010138049,,,,18.1548372567671,29.2389528621013,1.8886183675912,,12.626317662696,
Eritrea,ERI,2012,,,,,,,,,,
Eritrea,ERI,2013,,,,,,,,,,
Eritrea,ERI,2014,,,,,,,,,,
Eritrea,ERI,2015,,,,,,,,,,
Eritrea,ERI,2016,,,,,,,,,,
Eritrea,ERI,2017,,,,,,,,,,
Eritrea,ERI,2018,,,,,,,,,,
Eritrea,ERI,2019,,,,,,,,,,
Eritrea,ERI,2020,,,,,,,,,,
Eritrea,ERI,2021,,,,,,,,,,
Eritrea,ERI,2022,,,,,,,,,,
Eritrea,ERI,2023,,,,,,,,,,
Eswatini,SWZ,2000,1.76017342169806,12.2085358545844,,-2.70238391314616,,,5.34174285106622,18.5706085322925,,26952.5910908284
Eswatini,SWZ,2001,1.41221393287066,5.94210982281648,,0.598910535464894,,,1.95160425482532,18.2060213292991,,27099.2476783081
Eswatini,SWZ,2002,4.0886479398829,12.0197154699232,,2.38216911954966,,,6.66778898222294,17.5385699442816,,27984.1602974117
Eswatini,SWZ,2003,4.53865525672528,7.28999999999999,,4.15889604093632,,,-2.8000452332194,18.5664101996738,,29078.2424802068
Eswatini,SWZ,2004,3.61711931922247,3.44533507316614,,2.63067140122666,,,2.56728759984033,22.7263676688429,,29993.4418049834
Eswatini,SWZ,2005,5.99228289096037,4.77400404553712,,-3.31336100189476,,,-1.48002383468155,22.5943394716568,,31712.895701794
Eswatini,SWZ,2006,6.72880946564094,5.30463946338728,,-6.11526332672519,,,3.764215946629,31.708671650144,,33786.1783055465
Eswatini,SWZ,2007,4.31772144872362,8.07608827861589,,-1.93276556706589,,,1.10564693422697,27.9098449195648,,35160.0489512994
Eswatini,SWZ,2008,1.44055358727118,12.6574601863915,,-7.14591112347182,,,3.26736558419805,30.3481286849859,,35049.1117359778
Eswatini,SWZ,2009,1.43311134247756,7.44823423445754,,-11.7528556394377,,,1.86388312281576,25.6692045363626,,34916.1663462267
Eswatini,SWZ,2010,3.82443487429767,4.50923691774369,12.9613211155748,-8.90472208675336,,,3.11096766561026,16.2869148362489,,35532.4376592442
Eswatini,SWZ,2011,1.83973625916165,6.10742714590251,12.7705717318626,-5.9649333225146,,,2.08998856482498,16.6438996974831,,35450.1188860935
Eswatini,SWZ,2012,4.09048190124592,8.93964682788212,13.2587988833004,5.05366904415604,,,0.557730516305156,29.0584014944038,,36125.7577247263
Eswatini,SWZ,2013,4.09458522119226,5.62130623468948,,10.9113844873232,41.8070769260621,43.3963782014317,1.83246466722921,,16.1345781176745,36931.8713202941
Eswatini,SWZ,2014,2.05738179246586,5.68134885776447,14.3086225605816,11.9504856315641,45.3206693578619,46.2993493364779,0.601685882709023,29.7662142717783,19.6275885076679,37021.886378978
Eswatini,SWZ,2015,1.70425806017289,4.95124493704919,16.3848798476003,13.6462188835414,44.8587759692711,43.4033184330972,0.805945191942897,27.4288566515424,17.2217061828251,37028.0144250415
Eswatini,SWZ,2016,2.94916821059911,7.8472745908568,20.5460181439876,7.99024652712619,45.2869306032883,44.0715568407052,0.721382841978235,23.910027948535,17.3577663965022,37396.3274233881
Eswatini,SWZ,2017,3.52095345987983,6.22137528933118,21.886341638627,6.11293651555308,43.1562990169596,43.723843013338,-1.2917821060433,26.3421774842848,17.6967903356276,39336.2486927859
Eswatini,SWZ,2018,0.0653956557843571,4.81506167461513,27.1148162836527,1.30781570062784,40.8721195899369,44.6206572274169,0.670381040235302,24.3292631138973,19.8490383026284,40000.284275499
Eswatini,SWZ,2019,6.43186888691574,2.59801620311077,29.8019704155602,3.81510661336771,44.7614845159035,41.879310331856,2.7717218211659,24.5275112520495,16.2318349707561,43177.5960029879
Eswatini,SWZ,2020,-2.95183453409287,,38.3588929573653,6.55291656984155,43.6031936174524,40.4108252252354,0.938105324268348,27.0899428652042,15.2902282173586,44752.8390501502
Eswatini,SWZ,2021,4.23621913615419,,35.7240338783132,2.60694672482631,44.6125701755824,45.3188173110744,2.34790226144325,24.3477036785235,19.7885871413021,46468.6608438366
Eswatini,SWZ,2022,0.386070835562705,,,-2.96992116038182,44.4953937213873,48.076193408446,0.281255609924273,,22.0925604538439,46911.9105274611
Eswatini,SWZ,2023,3.53257662836211,,,2.1357603698575,48.5010223337944,51.2235887477672,0.608772714416035,,20.8277519082123,45827.624637044
Ethiopia,ETH,2000,6.07321748125295,0.662458109266481,,0.163268897783397,,,1.63351478937744,,0.0,1957.94895201462
Ethiopia,ETH,2001,8.30130632267965,-8.23784453391136,,-4.53620596538169,,,4.24475958430851,8.08387167264084,0.0,2052.39463999168
Ethiopia,ETH,2002,1.51472570667433,0.6750891021708,,-1.74046524518375,,,3.2480726995032,9.70983167885198,0.0,2018.1299926113
Ethiopia,ETH,2003,-2.16135972256865,13.6740452028271,,-1.58150719828577,,,5.39212251252315,9.11689550681182,0.0,1912.07317523499
Ethiopia,ETH,2004,13.5726031401471,3.32737047894847,,-6.59189372254429,,,5.38041579859625,9.68076220287628,0.0,2098.09738714727
Ethiopia,ETH,2005,11.8187659491625,9.96997123512891,,-12.6419842587598,,,2.13780093729558,8.72441638457737,0.0,2264.93639576691
Ethiopia,ETH,2006,10.8347270679373,12.2994763114824,,-11.6871605564419,,,3.5682352741624,8.26284585481565,0.0,2426.9857381799
Ethiopia,ETH,2007,11.4561670019891,17.2404008340897,,-4.20144598076542,,,1.12647092519686,7.81252966616113,0.0,2616.13462603633
Ethiopia,ETH,2008,10.7885216870332,44.3566858766951,,-6.67139557726763,,,0.400997134132688,7.81414425408042,0.0,2800.44876501135
Ethiopia,ETH,2009,8.8025531990487,8.48364404530282,,-6.75348362103612,,,0.682729366934427,6.58118138102551,0.0,2942.47781392022
Ethiopia,ETH,2010,12.5505383347633,8.14926402965082,,-2.1222608717343,,,0.963030625359937,8.1634410798229,0.0,3193.56283092135
Ethiopia,ETH,2011,11.1782962297008,33.2499598823344,,-3.30367964138338,16.6868531997337,31.5460822119553,1.96735663905254,9.20935861701915,32.1076664694521,3420.81429597246
Ethiopia,ETH,2012,8.64781163513926,23.600417677317,,-7.1067486808021,13.7672981990263,31.630605984481,0.643172898229037,9.37759471505438,37.0979619673542,3580.24730766196
Ethiopia,ETH,2013,10.5822700502552,7.46402192944517,10.733283781495,-6.36626399169653,12.484073558977,28.9877135217855,2.82040845857162,8.76472537700643,34.0811183155872,3816.9795867625
Ethiopia,ETH,2014,10.2574929627477,6.89001951597191,26.9372797365191,-10.3781721184147,11.6416199095703,29.0994642402923,3.33569111068815,8.81195539315636,37.9937253037378,4141.9056863819
Ethiopia,ETH,2015,10.3924630141307,9.56889955968623,27.9431250379303,-12.1838327178752,9.36331359735926,30.2928105475922,4.22926466080082,8.35133826701354,40.6712729848122,4502.10368297006
Ethiopia,ETH,2016,9.43348265981905,6.62813337230924,29.0056817322355,-11.5449209376397,7.8120625822914,27.0869584993198,6.0502150951561,8.08706320892815,37.3487629699646,4855.52489660133
Ethiopia,ETH,2017,9.56418965754014,10.6871150284238,30.0951138170263,-7.76343039992896,7.62937471525016,23.4742747776515,5.26039764214773,7.60392938472836,38.4439871569806,5245.9974717124
Ethiopia,ETH,2018,6.81614778557282,13.8330356586661,32.5332245901733,-5.53324917435327,8.37267815589761,22.8266908218905,4.03228222144798,7.51992183038243,34.1629551124182,5536.30597107097
Ethiopia,ETH,2019,8.36408573314054,15.8096321719344,31.4488445669584,-5.47194445075559,7.93996502459584,20.8753289042388,2.77536541541531,6.66173827845392,35.2639756254811,5933.42359368362
Ethiopia,ETH,2020,6.05953089054807,20.3563468559061,,-2.75526110015443,7.12719989668803,16.8789144434913,2.42792592797614,6.19630068675837,30.5789686594943,6343.72107088079
Ethiopia,ETH,2021,5.64153069257077,26.8395221557722,,-4.13241831245632,7.63170919111601,16.7133482736483,3.90520609771909,5.32472596203915,28.0252954109363,6586.6754646976
Ethiopia,ETH,2022,5.32175988403378,33.8898797100898,,-4.19066632559079,8.24396037798902,18.3515393187423,2.9803331590978,4.49688508975156,25.3422268254436,6657.88703220714
Ethiopia,ETH,2023,6.59424599357075,30.2188278135278,,-3.52359702028074,6.59591829014293,14.0022832171223,2.40146315358044,3.93105822731496,22.1694039604718,6876.15638960945
Gabon,GAB,2000,-1.88296639760897,0.504920025834859,,19.7027587812577,69.0321767086082,32.6697522310293,5.4731252435535,,21.9020564270273,92810.7792354121
Gabon,GAB,2001,2.13523342197423,2.13762052701465,,10.2998522952722,54.2752324798833,29.3633807625275,-2.00298894717111,,22.7454690749839,91864.0186017651
Gabon,GAB,2002,-0.249033168543434,0.0366828893971394,,6.33560263979825,52.6088996947807,32.1501818428416,0.0217546424549428,,25.1070976391096,88202.1467262862
Gabon,GAB,2003,2.2473300115045,2.23535313551536,,11.7614768617876,51.9294344950898,28.3731737105414,1.53052262034086,,22.6391014756493,86967.4311249172
Gabon,GAB,2004,0.689543058464849,0.40820530743925,,11.8977404655294,55.0391552768837,26.728381864986,4.04069424179394,,21.4960517696994,84530.4764210069
Gabon,GAB,2005,2.67620333310926,3.70833333333304,,20.6930568792579,60.0086727573886,23.9409270825355,3.40362339596918,,21.3645323014692,83502.9584114913
Gabon,GAB,2006,-2.80657835569052,-1.4094013660098,,,60.5718165208079,28.077592735444,2.59310046782659,,24.0451962615575,78865.2405126495
Gabon,GAB,2007,6.00810802487668,5.03031883679951,,22.0639363873959,58.528604586134,26.6038745775238,5.25722235465119,,24.8786940506869,80843.6117634589
Gabon,GAB,2008,-3.30843064878751,5.26430145575285,,24.5939589011604,62.1997120113374,26.7991605832374,4.45376516954727,,25.0898974271767,75785.5054488272
Gabon,GAB,2009,0.130331119816617,1.88570754577918,,6.63781868280595,52.1717321839785,31.3328452395852,5.24757097949021,,27.981113361031,73179.0228965769
Gabon,GAB,2010,7.08988731455126,1.46154402720469,,17.0685059551217,57.6634923763037,31.4941703485316,3.64540417621404,,29.7011138055349,75688.5964426386
Gabon,GAB,2011,7.09175334258654,1.26331707837421,,14.30205454341,61.7443721274506,28.7540052056817,6.16978545780463,,26.6423895609865,77114.2036642689
Gabon,GAB,2012,5.25107691750407,2.65241828695626,,11.5176523304205,60.9503414381301,31.3924675039244,3.94472371225415,14.0605243331958,26.9661499641622,77410.5112640625
Gabon,GAB,2013,5.63869900338696,0.505441058915615,,8.31242147608324,57.3574058813271,33.2776302665374,1.84153865698512,16.0588356064828,29.1805950279998,78357.6773173088
Gabon,GAB,2014,4.31496444107469,4.69045751826284,,6.10892058354702,44.5208923945675,28.9994366216762,6.93864724297156,15.1052288790252,35.1390486032907,78540.381024787
Gabon,GAB,2015,3.8788993950789,-0.338795188753406,,0.980288664808838,46.0320085043705,27.9177729544577,0.289976985604188,12.8300685455322,29.2309562924902,78618.3661417632
Gabon,GAB,2016,2.09144220829562,2.10670712784054,,,44.0353472921111,26.0980337724197,8.86815381799839,11.4680637070479,26.9822610431075,77719.0852720154
Gabon,GAB,2017,0.472642030911146,2.65192583143902,,,50.2267539725926,24.8419864730712,8.80157025688894,11.0849703006568,21.2986084367913,75864.4185356326
Gabon,GAB,2018,0.83791658082157,4.74906652083221,,,54.2990764910062,22.7375212062962,8.17598940777917,10.2153363843183,19.2582324284114,74470.5975520776
Gabon,GAB,2019,3.92080879452831,2.46456756151187,,,51.4310732271996,21.9970162214648,9.20409837955739,11.4795282431197,21.8987965722319,75293.5546198187
Gabon,GAB,2020,-1.83776106357656,1.35276110675333,,,47.5994828159722,22.514571830629,11.1881442291265,12.4267778515741,19.8634691076218,78445.5613864109
Gabon,GAB,2021,1.46795731487489,1.0869074651941,,,60.9391204925529,24.4091917128478,7.86436710820957,9.49032554463837,17.4565506184958,76713.2017596691
Gabon,GAB,2022,3.03761449530657,4.23124798274579,,,67.5787331934568,24.4843556565563,5.40389729406011,,16.0269404879583,71821.1190788881
Gabon,GAB,2023,2.43893665064327,3.62901534185376,,,63.728277780069,27.7503755386229,5.93517225575899,,18.0760661101408,71810.8520421262
Gambia,GMB,2000,5.50000021632955,0.8449695667737,,,25.7986743189831,30.5611455661123,5.55872128046551,,4.56249739677209,11440.9016822479
Gambia,GMB,2001,5.80000024323377,4.49259609239754,,,21.8207981338634,25.1084650526988,5.16139810385096,,11.1727401352846,11742.0009760089
Gambia,GMB,2002,-3.25000014970206,8.60912474386327,,,27.1573845831505,32.4855663356834,7.4065003138309,,7.27832762883119,11095.1412344086
Gambia,GMB,2003,6.86999962173842,17.0328665431988,,0.541196571889132,31.0937864451292,37.765006589094,3.75180060709964,,10.0388860071725,11492.5097485822
Gambia,GMB,2004,7.05000000064635,14.2067432845569,,-3.15228070444893,20.5947828682591,29.3395166933091,5.77256282742027,,14.3183765243099,11914.4300841167
Gambia,GMB,2005,-2.35172936176019,4.83862177543157,,-4.22219702002327,19.9032907784291,30.1154326166684,5.22041688120703,,13.8318506658647,11280.280830177
Gambia,GMB,2006,-0.555580977246521,2.0565034236599,,-6.22324623229531,21.0347123388331,29.3397562431418,7.79879790286452,,15.6906853088323,10904.4870902716
Gambia,GMB,2007,3.04324950829739,5.36913473801957,,-6.19477968023257,18.0329574603162,26.2608870053629,6.10257365099724,,12.5665208782691,10892.2043898147
Gambia,GMB,2008,6.25590553394287,4.4436549094501,,-0.402650265042615,14.4752001750388,24.6138992810955,4.53283904240458,,10.5224347295927,11142.0597670403
Gambia,GMB,2009,6.6657243078367,4.56150687670983,,1.93110412724461,15.7461075261153,26.0312868996824,2.72023911271176,,12.8914138046647,11449.8248571467
Gambia,GMB,2010,5.90833580968288,5.04968075857402,,1.13391181749086,14.6678148782972,26.3447001496494,2.40659689644853,,13.8767105275043,11710.775400281
Gambia,GMB,2011,-8.13044422315659,4.7958826618311,,-7.67135227929092,16.8594044684804,25.780297578409,2.55921826982754,,12.8961682852301,10507.5681679689
Gambia,GMB,2012,5.24156924630741,4.25432199813899,,-6.55707152697875,19.8416822348377,27.8589908793607,2.91048196914862,,20.8771686494917,10712.1087622469
Gambia,GMB,2013,2.872768790327,5.69912989637382,,-7.05935659160072,18.9791643659006,26.482754996429,4.96800325180048,,14.7115331277791,10571.4231006596
Gambia,GMB,2014,-1.40738249510954,5.94799935696626,,-6.87758719722139,21.8368954439609,36.4210353312654,1.8718835765044,,16.6526122015212,9974.35095765904
Gambia,GMB,2015,4.0580738039996,6.8084549457961,,-3.90228061316891,15.5708485829147,28.9515244974666,5.22255647330922,,20.3498140429739,9963.51770014856
Gambia,GMB,2016,1.94335965478776,7.22879272057922,,-5.12796647463839,12.7556347921577,25.3584531644371,4.70370236790454,,24.919934192266,9759.86100370905
Gambia,GMB,2017,4.8226112492757,8.03418974545911,,-6.32875593450885,18.4807348225843,37.252844786499,4.27524164277035,,22.9597266827213,9813.8238117406
Gambia,GMB,2018,7.23489033258579,6.52096823946573,,-8.08332529672772,22.2881797710858,42.5242842292877,4.89653501762191,,20.8784242569263,10107.474296546
Gambia,GMB,2019,6.22205315994859,7.11567625631192,,-2.04445221575257,20.1658912380486,35.8320203806507,3.9194379121789,,24.6538431612228,10474.5856942241
Gambia,GMB,2020,0.591487287873974,5.93127636562441,,-4.77621848558059,9.60764388834478,37.7878762852843,10.4612755737217,,32.34205468872,10386.7480722501
Gambia,GMB,2021,5.25596878816744,7.37034758876618,,-4.31333160293426,6.61733476020691,35.4806480369685,12.5026201279668,,30.3707902499395,10650.7960442423
Gambia,GMB,2022,5.49299823010114,11.5131198380505,,-4.09350427164042,8.56985063226593,36.1520709046807,10.4995860985808,,28.6236492072635,10888.0877895931
Gambia,GMB,2023,5.9167957146697,16.9742129632327,,-5.03989672509041,7.05322371368282,32.9087936094866,8.62799548703865,,27.4459749812404,11244.3200940991
Ghana,GHA,2000,3.70000008164408,40.240933123914,,-7.75495051706689,48.8022576190038,67.2461725439646,3.32941946782064,,23.9986004971918,8879.69089694909
Ghana,GHA,2001,4.00000012807919,41.509496287803,,-8.04286187367619,45.2330164667316,64.8128376940797,1.68056701347756,17.1929278946802,26.5994216024397,8855.613477335
Ghana,GHA,2002,4.49999955900331,9.36093239560313,,-1.70668468981884,42.6162518930867,54.8729912815685,0.955694277966518,17.4931112111661,19.7,8859.15778159682
Ghana,GHA,2003,5.200000133101,29.7729797160384,,1.33224533437262,40.67904265112,56.6081030628332,1.7916409392104,18.4776861347961,22.9369279766376,8924.52817035619
Ghana,GHA,2004,5.59999999077445,18.0427388232565,,-6.64520344576759,39.3033251214107,60.3670092258015,1.56810546990152,21.7521055188451,28.3775066840527,9035.56751020132
Ghana,GHA,2005,5.90000381855104,15.4389920155908,,-10.280631865678,36.449216950714,61.7222971639139,1.34923986570129,21.321508315786,29.0021406363098,9185.23155349131
Ghana,GHA,2006,6.39991260618034,11.6791839392492,,-5.05660776463669,24.6561904908957,39.8628637530195,3.04529018468516,12.534618528847,22.46580573765,9391.34573108056
Ghana,GHA,2007,4.34681910440079,10.7342665456292,,-9.58130961421888,24.5250906044049,40.8292316808483,5.57118876952139,13.8779845463992,15.3845449877747,9532.09116858005
Ghana,GHA,2008,9.14979893831817,16.494639613412,,-11.6021635051277,25.0294572995074,44.4847683116359,9.46643908231485,13.8959679074555,16.4919639408033,10109.464504199
Ghana,GHA,2009,4.84448705175076,19.2469482220857,,-7.28314283327412,29.2918659785048,42.3028725496475,9.10808669100415,12.6124615220586,16.4317931081367,10330.4624803284
Ghana,GHA,2010,7.89971194051621,10.7333898354915,,-8.5327330566748,29.4767179831573,45.901097808525,7.84948455261709,13.3883874032931,13.1001937072805,10861.1235732789
Ghana,GHA,2011,14.0471235803149,8.7284593709302,,-9.00258173366362,36.9366085502594,49.3588453047101,8.2558797134245,14.8657903615734,12.8099929663177,11936.074900831
Ghana,GHA,2012,9.2927894063005,11.1863409441067,,-11.9009237632838,40.3592181740371,52.808816954646,7.98251565917851,15.3681810106551,16.967722122965,12586.837167743
Ghana,GHA,2013,7.31252501678145,11.6661923071729,,-9.07624953901069,25.4407833967285,35.318538506149,5.13479660884921,10.671836497112,24.7715380530843,13052.7861098408
Ghana,GHA,2014,2.85624016330883,15.4896160333318,,-6.75690272053076,28.2319021605976,35.6046602824807,6.15120635162518,11.2521859793493,27.1650663374465,13620.2269494037
Ghana,GHA,2015,2.12075933817334,17.1499695007878,,-5.7116156025854,33.8317048233696,42.6895661009546,6.45737614178894,11.6905632099655,27.7096411705743,14151.7393506149
Ghana,GHA,2016,3.37346574966936,17.4546347070868,,-5.04424020618629,31.193239148362,36.6837602962245,6.20782671803196,11.058329192094,25.4556554537134,14263.4281419668
Ghana,GHA,2017,8.12889488100956,12.3719215507048,,-3.31643027470141,33.8768747799681,36.6714905104435,5.39035841681501,11.5770312754335,19.5655199555214,14996.7190933965
Ghana,GHA,2018,6.20007768127284,7.80876516610703,,-3.03986602950099,33.4548954489265,34.5036220155637,4.4440435772374,12.244241507483,21.7093349999065,15873.6738596473
Ghana,GHA,2019,6.5077747939152,7.14364003330857,,-2.72699375813964,37.4495998625311,39.3752028696209,5.67619931009197,11.9969959057137,18.6472756161472,16875.1360967053
Ghana,GHA,2020,0.513941670628171,9.88728956269944,,-3.04816313374944,31.5254204867115,35.0500782295317,2.67937438514205,11.3404319629261,18.2236669857819,17123.6101345562
Ghana,GHA,2021,5.07646643533542,9.9710886750444,,-2.8205574143058,30.0551194696231,32.6527114432115,3.18633188953992,12.2446867253345,17.0366779158262,17906.6141746011
Ghana,GHA,2022,3.80484980952164,31.2558951049016,,-2.33126484639335,34.6640435533587,35.451412242532,1.93240124339233,12.2975358062853,16.4078520146146,18467.0999355565
Ghana,GHA,2023,3.14009099763754,38.1069656296501,,-0.911884130673809,31.7708164934404,32.6170450347243,1.63794208213468,12.3930984567288,10.1167734490213,18586.6221683536
Guinea,GIN,2000,2.50306056299607,,,-3.20759051700664,16.8193583183757,19.8603371729124,0.227638091242679,,14.0409789124706,6981.93732038189
Guinea,GIN,2001,3.65834646929586,,,-1.44260287136746,19.6002796228163,20.5875985166216,0.0406493462481599,,11.3011270031639,7179.818929985
Guinea,GIN,2002,5.16460946696631,,,-4.64074253447312,18.1594392886496,19.8689639787901,0.697413496345229,,9.97077078957571,7452.76788608182
Guinea,GIN,2003,1.24860125923698,,,-3.68667076245062,17.8020725505263,17.2730544386322,1.57141015760488,,14.8250363931269,7446.89685981339
Guinea,GIN,2004,2.34011731288737,,,-3.06276375818202,16.8893836527306,17.7057122683229,1.8469021984972,,14.2157436663636,7533.75884060272
Guinea,GIN,2005,2.99727256275818,31.3733025877534,,-3.74410214282105,23.8572578868436,24.0804425048731,2.45185683545098,,13.3976935679061,7692.76986601872
Guinea,GIN,2006,1.18960211693242,34.6952705997072,,-5.2452359968981,23.8243077612927,45.5619859536022,2.96207137841546,,24.5633976978161,7700.9713723374
Guinea,GIN,2007,6.81747111070281,18.1755656108597,,-7.23648388311734,23.5509559790113,47.5700762474902,6.14302807033806,,23.4196733530526,8095.24244195087
Guinea,GIN,2008,4.13301615965833,23.065612938798,,-6.29234168357033,21.6404621100491,42.543781280909,5.48348837799648,,26.2176976521342,8290.48041170283
Guinea,GIN,2009,-1.12264204848687,4.68438868976504,,-6.005146411906,22.5157883196913,47.2995570961211,1.3552372021911,,21.3066122469499,8068.99517468947
Guinea,GIN,2010,4.81336016967553,15.0502688559001,,-4.7697025907998,30.341207018784,43.2053669152547,,,20.3254011637907,8324.6482939895
Guinea,GIN,2011,5.61211177430975,21.3169268542577,,-17.1165293375314,32.6022412863238,53.3524319845148,14.0905035719922,,24.0533327443322,8641.50880003286
Guinea,GIN,2012,5.91528626133322,15.2262941038638,,-13.5979829951241,33.137394501583,53.5369373306752,7.92820721970247,,26.0215285191708,8982.35380862744
Guinea,GIN,2013,3.94568708624053,11.8875884481828,,-14.2034724942303,26.4706217253735,53.9558259926726,0.00226821971801587,,23.4939613943409,9189.66450290658
Guinea,GIN,2014,3.69655311664086,6.1505055670642,,-11.1827727004958,26.6885109662704,50.0834549289601,-0.840221306496811,,22.8165774180333,9381.73343742869
Guinea,GIN,2015,3.82591056949435,11.7800825029834,,-11.6007986964145,21.4968719824351,50.9458587644995,0.605767981893699,,24.16336683296,9585.15420516172
Guinea,GIN,2016,10.82062719659,8.17268112275132,,-31.9328390727134,29.3715126043271,82.4679548110406,18.8280094343567,,52.6698445118375,10424.77355871
Guinea,GIN,2017,10.3000053427355,8.91435947913097,,5.03018582642408,44.6602984531211,56.5913353153077,5.59427174638354,,22.270417145837,11294.482945034
Guinea,GIN,2018,6.35849192736715,9.82761701259191,,-1.60638873400794,40.2070955328741,48.7770160108349,2.97511256265365,,19.5473148183264,11816.5002217636
Guinea,GIN,2019,5.61691446889876,9.47001039253012,,-2.34042432173531,35.0420493356329,43.3732638929645,0.330286821832839,,19.7285576989784,12298.2424655841
Guinea,GIN,2020,4.70459096113575,10.6016203387167,,19.0560604764664,46.969818134712,68.7954413842173,1.25171292113785,,31.5164009990609,12748.3064979265
Guinea,GIN,2021,5.5823328114905,12.5972882566934,,27.1761588078073,56.2186332783709,58.9768995109853,1.15770496278309,,16.0762705485493,12976.6801918916
Guinea,GIN,2022,3.97240784200721,10.4930409984424,,16.8265386883899,45.4186514317354,48.7466212613867,3.30630355394451,,14.0142215654177,12957.0653299539
Guinea,GIN,2023,5.54172668627702,7.80497591927973,,8.48425837744304,44.1320630492989,51.6974637089281,5.86822813302221,,23.4269896966463,13265.9479811216
Guinea-Bissau,GNB,2000,1.10027815777423,8.63632094930278,,,13.0927844637276,39.6445616542869,0.179450083125325,,20.0607519051822,5784.80855418306
Guinea-Bissau,GNB,2001,4.7859716500482,3.34812265527108,,-2.69821108512442,10.0791893849037,37.5040278925575,0.0958805556532383,,18.8821713857088,5895.73770949909
Guinea-Bissau,GNB,2002,3.65393603642713,3.30012175283752,,-0.271719275957978,11.4555665661405,28.2204969889519,0.759522998746594,,23.5961232443338,5976.433232061
Guinea-Bissau,GNB,2003,-0.285931052286514,-3.50258551103421,,-0.0519018620590297,11.9317538468321,26.1017170850596,0.723518172893491,,27.64774494114,5815.20642927764
Guinea-Bissau,GNB,2004,1.17189152277038,0.883302696930943,,2.38148745518108,12.9332446603251,30.2588869731209,0.329050599325975,,20.9616308959262,5740.39068955763
Guinea-Bissau,GNB,2005,6.55977111846077,3.32919922802856,,-1.63867591635847,13.5628027893561,32.2214287557155,1.35867358840187,,18.2527613564441,5961.3915177463
Guinea-Bissau,GNB,2006,2.66650493269572,1.95473717628916,,-6.3132458528375,10.3775627660013,38.3829406200213,2.81783767413937,,20.0790987853146,5962.81028899475
Guinea-Bissau,GNB,2007,2.55982647078751,4.61743772241997,,-4.06952969493394,11.1203023648924,35.1242261051223,2.49217201872461,,24.2726381660371,5954.47380659016
Guinea-Bissau,GNB,2008,4.52457514610252,10.4600731354706,,-3.02102465076755,11.7665758206639,33.3723135538085,0.695948347275502,,17.3390259766336,6059.99230206563
Guinea-Bissau,GNB,2009,2.44795106098685,-1.65139733620775,,-5.34847492021888,11.128308041919,32.4674393680016,2.12209420424558,,18.3648740410824,6040.15603324164
Guinea-Bissau,GNB,2010,5.60536311358261,2.51785140171701,,-7.52999517168867,12.6394156999785,30.8751719385669,2.79117647230681,,19.4936149100766,6199.50512704716
Guinea-Bissau,GNB,2011,8.08504167173554,5.046102263202,,-1.21431910534762,19.2980958159564,29.3193643906809,2.16270009395862,,15.8456824536409,6509.56391205462
Guinea-Bissau,GNB,2012,-1.71286958446419,2.13054580274503,,-7.93224654147768,14.1167775647259,30.0112889962536,0.631297914892102,,19.3541909065405,6220.51334546988
Guinea-Bissau,GNB,2013,3.25607190852087,1.20712555668405,,-4.73187653933365,13.2144211714798,26.7430406090989,1.76984840814073,,19.2302341915086,6242.2929810549
Guinea-Bissau,GNB,2014,0.964525745841428,-1.50924460570494,,0.555849591467734,16.6941209486516,30.1755373568722,2.54152912247103,,20.1399364198987,6130.28502570288
Guinea-Bissau,GNB,2015,6.1340893623123,1.47672048910485,,1.81726336561494,25.0467119622253,29.3236636269032,1.61191900956541,,14.6862099976075,6314.4663608371
Guinea-Bissau,GNB,2016,5.4326782650304,1.50312055861088,,1.36293739261607,23.7747310385206,30.5259420089505,1.92748272635559,,17.6713587535475,6468.2737286898
Guinea-Bissau,GNB,2017,4.66367943913264,1.69111461822298,,0.263885195365577,26.5343804075435,30.3793671863376,1.06744396733032,9.48153396321025,18.1207259537486,6577.15705368494
Guinea-Bissau,GNB,2018,3.76145359637003,0.381324702790992,,-3.48324795461302,25.4768673297515,29.542721705949,1.32316927565873,8.85787789138106,19.1670199875353,6636.78995522535
Guinea-Bissau,GNB,2019,5.32749571119344,0.24660026814783,,-7.98194454455476,18.2808894375093,31.6626206985924,4.48925285290298,8.53385076082132,22.6551521221886,6814.55374670954
Guinea-Bissau,GNB,2020,2.89139814952995,1.14000939393222,,-2.26873597138549,15.4679514587918,27.4174342293605,1.23102714227173,6.94566461324402,25.6521152299655,6804.89212465135
Guinea-Bissau,GNB,2021,5.05055831244401,2.24248879577658,,-0.740414184193309,17.5378935219426,27.2715621612566,0.971111377767191,8.7880544582801,21.4333735985089,6815.08964615394
Guinea-Bissau,GNB,2022,5.52987253058352,9.39075933985203,,-7.8855460445174,14.7248436661344,31.0336515591514,1.16465840634171,8.69743381087789,22.608438236688,6841.20976777338
Guinea-Bissau,GNB,2023,5.82749502627256,7.10220928557059,,-7.52781936859698,13.2079874141218,27.2665578750392,1.18124925655384,8.641917170245,25.1622734938869,7027.37638656247
Kenya,KEN,2000,0.599695390807426,9.98002515350979,,-1.5693516563302,21.5875711417625,31.7214732444648,0.872896453431273,,17.4140906154511,9893.01567436724
Kenya,KEN,2001,3.77990649795343,5.73859814341467,,-2.46632258412886,22.9315763643367,33.0152596643276,0.0408333582871574,,18.790340524259,9859.41431809551
Kenya,KEN,2002,0.546859530175595,1.96130821739162,,-0.894975876340371,24.8979726147002,30.2746996493051,0.210062364887451,,15.1382158893462,9527.75681023973
Kenya,KEN,2003,2.93247554570904,9.81569062979654,,0.888450320310784,24.086815305421,30.045450590308,0.548412532071825,,16.4821493891933,9430.69745289817
Kenya,KEN,2004,5.10429977629738,11.6240355442426,,-0.818703017571567,26.6102585752973,32.8667447731316,0.286194263505208,,16.962495556485,9535.34581330373
Kenya,KEN,2005,5.90666607980057,10.3127783574683,,-1.34655849731384,28.5090302142012,35.9698359497784,0.113202068934601,,17.6496847904784,9719.20501497156
Kenya,KEN,2006,6.47249430015484,14.4537342081708,,-1.97646990538245,22.9849396441861,32.2515454815442,0.196219632064752,,18.633585404403,9976.26577656333
Kenya,KEN,2007,6.85072976998784,9.75888023027529,,-3.2293696026957,21.9189912933699,31.975797511236,2.28124317373484,,20.4569783889085,10293.836795971
Kenya,KEN,2008,0.232282744812977,26.2398166445063,,-5.52329630288282,22.6740575532267,34.9045410940864,0.266291327300955,,19.6127114227698,9983.35313490023
Kenya,KEN,2009,3.30693981631089,9.23412592394652,,-3.98728888063666,18.7749454916013,27.1702463211792,0.274534230856511,,19.0191724248254,9976.01937051705
Kenya,KEN,2010,8.05847360290906,3.96138889115385,,-5.21669389712651,20.1243596478793,30.2699277024041,0.392164287395035,,21.2639987992095,10427.1879827864
Kenya,KEN,2011,5.1211061197056,14.0224913014704,,-8.14880935200662,21.5494770708279,36.8527289037346,3.09471103381268,,21.8858122759467,10599.7963479513
Kenya,KEN,2012,4.56867961444982,9.37777003547598,,-7.47587166159348,19.8649477228834,31.7587443003647,2.44725940988928,,22.1933629258823,10729.964420883
Kenya,KEN,2013,3.7978483925754,5.71749357037733,,-7.85152228564967,17.7921805531655,29.6724619595649,1.81417037253291,,22.4049681039862,10794.7889758456
Kenya,KEN,2014,5.02011100232484,6.87815499275949,,-9.34004850596924,16.4728044658123,29.6976848964037,1.20220842439576,15.1870212650473,24.9507189987733,10981.7123733191
Kenya,KEN,2015,4.96772112759767,6.58215429284779,,-6.30459656347733,15.1287339034504,25.1986507884515,0.883799936312692,14.8394826504099,22.1033982020293,11169.0208589185
Kenya,KEN,2016,4.21351706814744,6.29724953814625,,-5.3970086381703,13.2497448006759,21.6152747725065,0.627591266355583,14.9664727307544,19.3484358309332,11274.6646119327
Kenya,KEN,2017,3.83795817364721,8.00564967709945,,-6.99683322084958,12.7366599413725,23.2583979340349,1.64083690398642,15.0524641340645,20.6634949022773,11781.3676926947
Kenya,KEN,2018,5.64794640709219,4.6898064677633,,-5.41106679141752,12.541975333359,21.8727778433835,0.832686217791619,14.3612789172776,19.3759862497025,12558.1478333887
Kenya,KEN,2019,5.11415885767801,5.23963795764792,,-5.23852935907811,11.4279956869332,20.3314661545478,0.468168547481475,15.1001093470909,19.3418324204191,13354.3367171728
Kenya,KEN,2020,-0.272766327438816,5.40516207933392,,-3.26911007065289,11.4410451821593,18.9580936008817,-0.00536845439351621,14.2998226320714,19.6515841707054,13155.640166127
Kenya,KEN,2021,7.59048947333467,6.10793603659176,,-4.5990081153926,13.1097382018218,21.8923095777051,0.382593996518954,13.554644324086,20.3912447822361,13686.6818425967
Kenya,KEN,2022,4.85998104287999,7.65986268272224,,-4.19995258299621,15.9570283629469,24.3182954744092,0.691645983068062,14.5993496343343,19.0540638513609,13910.8677902376
Kenya,KEN,2023,5.71999241214208,7.67139634029402,,-2.54552534327701,16.890666978856,24.2204234378835,0.472521238226254,14.0631113797385,16.5707504717762,14258.9761768064
Lesotho,LSO,2000,3.87554677576694,6.13197538722696,,-8.6703357592323,,,3.65200401728829,22.9395558569836,,5270.39026696784
Lesotho,LSO,2001,3.56158183392093,-9.61615353858472,,3.45948826928832,,,3.59634195549178,25.7822061516583,,5453.17817641056
Lesotho,LSO,2002,0.723836067167127,33.812578338126,,8.18759668831338,,,3.65971744859451,24.1941630480867,,5505.55852076972
Lesotho,LSO,2003,4.55977716384528,6.62916357146762,,-1.48520681497293,,,3.79574836270242,27.1148820182378,,5782.89758697282
Lesotho,LSO,2004,1.69237417358596,5.02342068616285,,1.75904831470621,,,3.68383275611256,28.9613250043846,,5935.74618387006
Lesotho,LSO,2005,3.46612222755311,3.43788423057443,,5.68794455057765,,,1.6309558178279,28.5739007299318,,6202.71745255774
Lesotho,LSO,2006,4.23009522805209,6.07271879734293,,11.9989367597937,,,1.35116866658488,33.9197543425177,,6512.39046773752
Lesotho,LSO,2007,4.18791409957151,8.01243669043409,,18.1419183617744,53.2487600192534,111.800188814119,4.49541724323026,39.3137977452033,24.9246019342258,6774.51155157149
Lesotho,LSO,2008,5.52341966978646,10.7156661309681,37.5171853858454,15.7113939585121,52.9184829037571,108.208107689634,0.623122767576779,38.2585681601236,27.9814428627338,7134.42252197144
Lesotho,LSO,2009,-1.25375779920832,-16.8596910540644,41.6905722621989,-2.94530645950598,44.7633289777901,114.131408607847,5.24720669313801,39.9862447033836,30.538219790262,7065.80481307628
Lesotho,LSO,2010,5.26967078056286,-2.40524254598706,29.563599276758,-11.0020417569816,42.1262589311215,107.976176556211,0.425490583298807,30.2987604301988,31.3011900430751,7432.8117896368
Lesotho,LSO,2011,4.61641394528752,5.0366305210156,27.1308905908949,-11.8566683946226,47.7228451203639,102.073761578789,2.37160157638289,30.2137479343975,25.3316425094885,7775.71183814698
Lesotho,LSO,2012,6.33408374679448,6.05143662139967,32.1837873350535,-18.7652520307529,41.7959336745045,108.412641683934,2.28650169667391,38.0837569930604,35.7205960501896,8222.26588425349
Lesotho,LSO,2013,1.79252555575545,4.86511899496385,33.208634984126,-10.7579867652524,38.2496647077566,95.1158250474138,2.13033827559342,35.9075271908447,32.6667455053055,8371.95526895306
Lesotho,LSO,2014,1.71054990545476,5.37028961008587,33.0174927862044,-8.42016664486878,38.1496953255837,88.1427800349944,3.86963158626918,36.3284327192766,34.0968182808394,8600.67678020172
Lesotho,LSO,2015,3.12406678044546,3.21844513655931,33.1383846153849,-5.73228396984582,42.8918037123102,86.8309693705568,4.79809498524625,33.7701457077629,30.4366347369568,8962.0257378567
Lesotho,LSO,2016,3.60890731687714,6.59650490696543,42.0604324864983,-10.5017567713342,45.7796652454104,90.53558249635,3.74733138412509,29.2862704413974,28.7760063691053,9349.03249929059
Lesotho,LSO,2017,-3.13817493733471,4.447699373763,37.368022786851,-9.01074725417763,47.4769340332662,98.8898372962274,1.82806623182623,33.0073098646091,22.2056129829322,9141.98808253724
Lesotho,LSO,2018,-1.48063315848241,4.7518030162474,32.8447143461545,-5.62372777156264,49.8331114219045,94.6018440436975,1.59898721077784,31.8151694595976,21.4472792170962,9088.29339283266
Lesotho,LSO,2019,-1.41799383085205,5.18708359197982,32.1670318908686,-7.45753439541603,46.2093281781161,94.3073053135637,1.49464849213428,32.5421709597017,26.7945041312681,9051.90038262245
Lesotho,LSO,2020,-8.15595785459911,4.97809676252309,2.99271686140967,-5.89018411717253,44.449012410388,96.6475926526103,1.36347415769606,35.9943566529363,26.2646701221778,8417.67874504336
Lesotho,LSO,2021,2.26670961833291,6.04774591950676,,-8.12794759731635,46.1460898214545,93.0403896439522,-0.512915958026648,31.8702314148952,28.4701352359002,8506.29938597242
Lesotho,LSO,2022,2.38778020186284,8.27180389943028,,-11.417455276866,46.5063822153721,95.8675988588567,-0.332065069453934,30.442548603324,27.3770081483323,8309.29392959385
Lesotho,LSO,2023,1.82662476743647,6.34221743124953,,-7.15570577829,42.9229806904018,98.5907752068479,-1.21096656797415,40.2247629322737,27.2206687179899,8298.79606274788
Liberia,LBR,2000,28.6159342546183,,,,,,2.37986270022883,,,4341.94292885799
Liberia,LBR,2001,2.92027476569781,,,,,,0.916114790286976,,,4338.97621695652
Liberia,LBR,2002,3.76301761700071,14.1596470116325,,,,,0.302049622437972,,,4389.03098678505
Liberia,LBR,2003,-30.145132727942,10.3302881236823,,,,,49.7620320855615,,,3047.15618303365
Liberia,LBR,2004,2.61984689477413,7.82908704883235,,-17.8067908816867,,,8.4004160144418,,,3090.84466180031
Liberia,LBR,2005,5.28121245309295,10.8343588481414,,-19.3410307528499,,,8.72519614731938,,,3113.89967660566
Liberia,LBR,2006,8.04390997190059,7.34144608278558,,-15.4436442263207,,,9.63866591009294,,,3181.05238927907
Liberia,LBR,2007,9.53527536282282,11.3918966807102,,-16.2534531227222,,,9.58759370688019,,,3318.09452285528
Liberia,LBR,2008,7.14569112811476,17.489448642993,,-20.5275176083252,,,16.4273509506381,,,3413.25525789826
Liberia,LBR,2009,5.30054050291531,7.42764305914919,,-15.6782479232001,,,7.22870048206176,,,3481.54064991586
Liberia,LBR,2010,6.09982524004147,7.28992796890218,,-42.7136316998038,,,103.337387099033,,,3588.08656018888
Liberia,LBR,2011,8.20076822497064,8.488167518494,,-52.4853470186802,,,86.9894467611897,,,3708.31300045009
Liberia,LBR,2012,7.99381444555367,6.83178703418548,,-59.9955509928998,,,82.7471577822006,,,3846.54600395681
Liberia,LBR,2013,8.68728781639683,7.577306817414,,-32.8209688370026,,,62.9068538615833,,,4092.43110499241
Liberia,LBR,2014,0.701393100287518,9.86111285574904,,-19.9198359881725,,,15.558740639735,,,4036.71642146562
Liberia,LBR,2015,-0.0185649695590939,7.74869687621322,,5.3024253714189,,,7.21023781604438,,,3967.9068916087
Liberia,LBR,2016,-1.5549586174878,8.83424868336488,,-8.12261279894878,,,9.1719033259717,,,3840.43359201435
Liberia,LBR,2017,2.45515592012239,12.4196323907138,,-16.6798323783013,,,7.30948578439651,,,3850.97047225855
Liberia,LBR,2018,1.15757512207355,23.5635148953742,,-19.6944373252366,,,3.77268493884788,,,3809.89657535405
Liberia,LBR,2019,-2.46729763532686,26.9662760197878,,-19.6832166735006,,,2.61121194879185,,,3630.82015300726
Liberia,LBR,2020,-2.98249127649473,16.9557241496255,,-10.3043027389936,,,-2.96003538007919,,,3500.29782522389
Liberia,LBR,2021,4.98671283481617,7.81559385858648,,-2.83280554425972,,,-1.11842850292887,,,3551.37229706779
Liberia,LBR,2022,4.80810517290655,7.59298486560313,,-8.71094478928873,,,3.09332516183889,,,3564.9957335831
Liberia,LBR,2023,4.68375688761311,10.0944535665552,,-11.5068290648574,,,7.11347042965831,,,3620.92278535612
Madagascar,MDG,2000,4.45685893956946,11.859684500028,,-5.62675808214078,19.1196684495627,23.6574542144097,1.79192376325453,,11.9305464071932,3835.54547281909
Madagascar,MDG,2001,5.98023576982733,7.91694484529586,,-2.57548758488005,20.070249419803,20.9648766725829,1.71117198619575,,14.5092173370671,3920.92283990321
Madagascar,MDG,2002,-12.4079711055149,16.4985255315846,,-8.91359828774941,21.8155744053565,28.3661175325733,0.273965160881608,,10.9702431408945,3334.5160369034
Madagascar,MDG,2003,9.78489212474175,-1.70400479616298,,-5.14632639531452,13.6941628175957,20.3364400998793,0.202025723705933,8.59780028612767,13.7245656856915,3532.73466872246
Madagascar,MDG,2004,5.25700362208742,13.9558018033211,,-7.87799247937726,19.4573064554058,29.3180754298099,1.0446898563867,9.37241986822963,21.1510251154033,3565.66609217563
Madagascar,MDG,2005,4.75584509499119,18.3638246468932,,-12.5308217712467,24.3193861068762,34.8106988288915,1.45800803699285,8.69015551764536,19.3271126967742,3569.22377523225
Madagascar,MDG,2006,5.3985084485368,10.7656371554865,,-9.15517433304636,27.4869137812158,34.6159251558086,4.60749200280627,9.20188162092675,20.3112680040621,3651.65440666371
Madagascar,MDG,2007,5.71056419885052,10.2879663187671,,-9.88570197659671,27.7962071422596,38.9065282147453,9.26011530963958,9.84806132452438,26.5179313396028,3743.63497857669
Madagascar,MDG,2008,6.71263253913001,9.29650839381057,,-15.636461385028,27.7071993998824,46.6501545609236,10.5779307609142,11.3914508381925,38.7460962157139,3872.60893490867
Madagascar,MDG,2009,-3.9787086116544,8.95421802392949,,-18.1718557648058,20.3758298355971,42.0358677602225,13.4485427881281,8.34414896120855,37.2218957020948,3612.31635627265
Madagascar,MDG,2010,0.619239744622121,9.24732173644116,,-8.9485361713351,21.8743805186609,36.0005139915198,9.13867133828111,8.53531911755595,27.0273897313715,3528.06440633895
Madagascar,MDG,2011,1.57842705366555,9.48254048582992,,-6.72775114409968,22.7196386760737,33.7634539191156,7.05979214971634,8.71032363773385,23.3511667280009,3401.19700821944
Madagascar,MDG,2012,3.01114811621208,5.71384434191053,,-7.46271017824129,21.7806921029485,30.8710219781769,7.03680533355538,8.36825554307769,20.1689187861962,3321.30139976768
Madagascar,MDG,2013,2.30037622800727,5.8264294445198,,-6.50549854289754,23.2721660778614,33.0954157122318,4.55464531104897,8.78559177293247,16.5129132506109,3297.97206650767
Madagascar,MDG,2014,3.33920311195367,6.08040811088302,,-0.64912376658814,28.2819119746319,33.6875202364915,2.97751123297568,8.44113338214288,16.4906896468032,3310.0450364697
Madagascar,MDG,2015,3.13229807490305,7.40419174202129,,-2.25941841339224,28.3906461296836,32.8297327068242,2.89727727453157,8.94531037344997,15.9918879278761,3319.04846997447
Madagascar,MDG,2016,3.99314606199499,6.03575858154679,,0.378142575318559,29.0925694335543,31.7421290495881,4.56460803171494,9.24485187347242,16.3659933895724,3354.31830368546
Madagascar,MDG,2017,3.93330759462793,8.60905075422949,,-0.228589799383037,30.9026308764808,34.4407706308106,3.52797151000056,10.0275447299671,15.8063768976943,3389.85789955406
Madagascar,MDG,2018,3.19435651744398,8.59422958870476,,0.712560880258364,31.5360236539412,36.305481014417,4.44792798727992,10.2831286792601,20.7029752410218,3402.65896273061
Madagascar,MDG,2019,4.41123212909589,5.61051441492365,,-2.13564971662682,28.4244012431975,34.1769218025153,3.36279830994653,10.5318646212179,22.6840481290776,3456.58791145452
Madagascar,MDG,2020,-7.13767162064489,4.20179312190557,,-4.7784229274215,20.1420748833617,28.8686324830754,2.74657132352467,9.52072872534251,17.7153251099228,3169.80801084097
Madagascar,MDG,2021,4.65068343174309,5.81225118787715,,-5.02937129931558,23.091632100144,32.1242264926044,2.49072338064723,10.3811967517346,16.3892313120054,3211.11690014008
Madagascar,MDG,2022,4.15609778386296,8.16059031991844,,-5.50012106134206,30.5432948746479,40.0038395384482,3.05272592480357,9.24054268108139,22.1619767688281,3221.81086039593
Madagascar,MDG,2023,4.20304615840668,9.87432675044888,,-2.86008036823515,27.0030474850644,34.1299942035502,3.27357918889341,9.61487095887082,19.9083555489204,3254.17440335602
Malawi,MWI,2000,1.57607762616895,29.5814884631684,,-2.89662420047882,,,1.02470810251001,,,2999.31782657774
Malawi,MWI,2001,-4.97496361892476,22.7,,-2.39994803963788,,,0.772615057834218,,,2785.20774330133
Malawi,MWI,2002,1.70000003078317,14.7446346101603,,-3.9449480553203,,,0.115974414290585,,,2763.66022009584
Malawi,MWI,2003,5.70563940467414,9.57679786919214,,-5.33174689192045,,,1.41089085148224,,,2845.07083140332
Malawi,MWI,2004,5.42049754993828,11.4298060822124,,-7.49180677650099,,,2.13119600751874,,,2915.32717956752
Malawi,MWI,2005,3.26872602317066,15.4103446604296,,-9.52389293471596,,,2.62567004771803,,,2930.2817833549
Malawi,MWI,2006,4.69999976404691,13.9742943548388,,-5.26911371178684,,,0.611208219192404,,,3027.94798546956
Malawi,MWI,2007,9.59999987683469,7.9522099086403,,-6.47983259735382,,,1.92814440747221,,,3272.78599019622
Malawi,MWI,2008,7.63973639944591,8.71260186609043,,-8.95428978540152,,,2.5237027903489,,,3476.73887029145
Malawi,MWI,2009,8.3281098524038,8.42204427696655,20.1151721657444,-6.03374203830181,,,0.545293920588433,9.94018426717949,,3719.72761139275
Malawi,MWI,2010,6.87406585416142,7.41159092883827,19.2608300381554,-9.57007930375056,,,0.957814621345542,10.5634650209755,,3931.12705943028
Malawi,MWI,2011,4.93266999813729,7.6228226284852,18.8455448350087,-9.75872117783744,,,6.97752227761724,10.6177069783918,,4080.63162693048
Malawi,MWI,2012,1.90000000072909,21.2712650013779,28.4619929057621,-8.48798044395288,,,-0.101285426070357,9.31571514240387,,4125.08855875245
Malawi,MWI,2013,5.41034999817167,27.2833333333334,24.9138891722583,-15.3915920767632,,,5.61985138978348,9.7087435618013,,4310.30660966339
Malawi,MWI,2014,5.62527000105139,23.7920649469687,27.9207565041985,-12.8223513014994,,,6.79541385727369,10.9491092554382,,4512.44674890184
Malawi,MWI,2015,2.80000000003355,21.8673475542553,27.3346460465678,-11.5453760878876,,,3.12107477506801,10.5365817797809,,4600.45377167058
Malawi,MWI,2016,2.49999999914311,21.7111132136499,37.8862077338952,-12.7134008077219,,,1.46272973143861,10.638963161967,,4681.71283689068
Malawi,MWI,2017,4.00000000089172,11.5433939188771,34.2946221230854,-17.4208707671145,12.6751278049282,32.6251859110726,1.0085487596618,12.1843017846966,20.2873149467203,4835.12497193975
Malawi,MWI,2018,4.35356471619211,12.420178108921,41.7011065966529,-17.2587081882279,11.6727813510859,31.9059921379141,0.779538295941585,12.1756578865314,21.276061190562,4877.57710297845
Malawi,MWI,2019,5.71682519194337,9.3708360560567,44.7856317896456,-11.9532181402648,12.9894565946906,31.2059958688892,0.499715595789277,11.9752126690082,21.9119103002645,4981.36610743155
Malawi,MWI,2020,0.793596429787286,8.62551469650552,,-13.9233232374397,11.0047537224484,30.0275892172844,2.14268264715469,12.130562742797,16.7106351396417,4524.65341438347
Malawi,MWI,2021,4.55829212016083,9.33014410835212,,-15.4922606345826,12.7119564156437,31.8838054014105,1.04617739110529,11.5877528800224,16.915576065163,4946.31740491167
Malawi,MWI,2022,0.921115069005936,20.953969729969,55.5992119991912,-18.342633331864,11.342380846457,32.2742440103241,1.5988861608404,13.5038573942269,15.9327969038503,4772.16509441443
Malawi,MWI,2023,1.94575281675984,28.7897428247298,,-15.740915952882,11.2450363894528,31.1926320096439,1.60106112476406,,14.4830771619003,4696.41919636551
Mali,MLI,2000,-0.736019991927179,-0.677661659046769,,-7.24552346559737,18.3082871605953,26.3574738184567,1.71320201228336,9.06977239350742,17.6850224025008,5912.51377160455
Mali,MLI,2001,15.8060317406145,5.18701191944068,,-7.52403238222972,21.2675280913865,28.0563789001538,5.06751221772987,8.90191656767101,21.2264120603594,6628.15971467445
Mali,MLI,2002,3.03627540842406,5.03282275711194,,-3.21727063108378,22.5824977513013,23.7704249906878,-0.26620339911262,9.396236319361,16.6102396163799,6613.81857689048
Mali,MLI,2003,9.79712256129343,-1.34672619047621,,-4.84483163512079,20.5987327386506,26.2928019278119,1.29366756461829,10.737283000505,20.4609529647302,7023.66304445781
Mali,MLI,2004,1.47732490222614,-3.09978128063957,,-6.31694830597221,18.8107813473263,25.2013172949303,1.3104512944739,11.5101973789126,18.7459932650163,6910.87748115488
Mali,MLI,2005,2.53837834867178,6.39788293897883,,-5.89425017186674,19.0305416439985,25.8818668637566,2.15749775651619,11.1849275837918,16.4623142097926,6861.81879008515
Mali,MLI,2006,3.6896026526873,1.54352596927582,,-2.66376814253744,22.718440167711,26.3006371772594,1.8062250031959,11.1982873369631,21.1808010889535,6897.95630532251
Mali,MLI,2007,1.76004607889122,1.41200201714577,,-5.99962370767425,19.7731935960156,27.1245980280221,2.12739780758978,10.9794923411068,18.8147103700242,6802.12599137891
Mali,MLI,2008,3.63871070955426,9.17098813667678,,-9.31503755768224,20.6676082356878,32.9754110733747,2.33379628946697,10.1603761011566,21.5543695857429,6836.5263758832
Mali,MLI,2009,5.45473562577585,2.46375188572299,,-5.40923592960796,17.4090644474925,23.1323171330737,5.34101259306611,10.9208418582829,22.267117298921,6996.98664886837
Mali,MLI,2010,5.57678859838062,1.10892690670186,,-9.37082497923895,19.2136392169917,29.6030561490697,2.92612695500016,10.8423156054931,23.0142230994493,7169.55033072214
Mali,MLI,2011,2.93537897086446,2.95564395229392,,-4.25352174178386,18.1515218842043,25.0299480290865,3.60372353519049,10.5499687208031,24.1469415013802,7169.93102173354
Mali,MLI,2012,-1.07239924132972,5.32312847064058,,-1.8428468348672,22.6196890203027,26.8055466020781,2.68901249459022,10.9251185657684,20.6933650621448,6924.92600495073
Mali,MLI,2013,3.29068742019345,-0.606736356351563,,-2.38005150096666,20.9783045591465,33.6249394271541,1.95552894419919,10.9601470024114,24.1390637301209,6977.12438609642
Mali,MLI,2014,6.50263878409685,0.883814547137841,,-3.96176216531441,18.972156983974,32.106525203595,0.844265987943503,10.6352635051305,26.625081854981,7205.68571917768
Mali,MLI,2015,6.23887890197454,1.45069057605961,,-4.47729474332982,20.2239475938187,33.3512284164078,1.7680955706499,11.8533619936548,24.8949550301917,7424.96941773716
Mali,MLI,2016,6.00506308559498,-1.79964707083386,,-6.06695219310335,19.658879222387,33.9537401380382,2.129006916198,12.8969929658629,27.3161677115008,7695.14416735267
Mali,MLI,2017,5.37554769639952,1.75985742927165,,-6.62494382399689,18.9065075928847,30.5854909013125,3.0627942747803,13.3300422900318,25.5449834134051,7933.08126839923
Mali,MLI,2018,4.86784999991505,0.299546507387843,,-4.10572622720131,20.5990590578805,30.1007871944471,2.29426079238045,9.78065544204356,24.4943978534371,8157.91321472444
Mali,MLI,2019,4.99999911608818,-1.65826694846365,,-6.29353963446866,21.7272254994959,32.2714877803678,4.19531107984596,12.2370535462025,26.5074433150938,8535.50622802348
Mali,MLI,2020,-1.16910834828603,0.438088940320669,,-1.83434524248166,25.1422593727846,30.8992880694173,2.5936673302322,11.9520024969323,20.6517365321331,8347.45473697701
Mali,MLI,2021,3.10094124444834,3.92560283104277,,-6.3850831125797,23.4347727463223,33.2802798102242,2.78245724174957,,23.8157419439418,8236.9664576043
Mali,MLI,2022,3.70319027595568,9.62147608489064,,-6.54582121437751,26.025652624667,35.5356748615317,3.17422530916772,,22.1819624772823,8051.3163833865
Mali,MLI,2023,4.72541109080376,2.05880228274223,,-6.48963461165968,24.7499499048026,32.7833122774991,2.83131972701562,,21.5452284920776,8190.81178484253
Mauritania,MRT,2000,-3.91802585208993,3.25406745833358,,,25.5171157140843,33.4232590529824,2.25319074953564,,11.2958008872593,21693.9601494374
Mauritania,MRT,2001,-0.799493830035985,4.7148963468961,,,25.536995080516,35.1642173799555,4.39273814893831,,12.5085469242344,21083.1524064999
Mauritania,MRT,2002,1.38148396045266,3.8957052575849,,,24.7736084028423,32.0119211973383,3.78943003870853,,9.54379992177407,21028.4102625939
Mauritania,MRT,2003,6.92826957568474,5.15190150769578,,,19.1247721754728,36.193252157771,4.97077585567831,,21.4753295588021,22009.2567656992
Mauritania,MRT,2004,4.73275787510946,10.3676233473073,,,23.2692575686957,51.9495471101002,17.1048404222648,,35.2538232287992,22587.4085901792
Mauritania,MRT,2005,8.56628732009419,12.1256487185541,,,26.7532470536875,61.4818525059617,27.6520361298831,,48.9053399953357,24003.7646304475
Mauritania,MRT,2006,18.3331986932345,6.2410332814282,,,42.3641033273967,40.4243978856356,3.94434472704714,,26.0006568835603,27753.0461037382
Mauritania,MRT,2007,-1.96942274988409,7.25410841304887,,,40.5231617982886,45.5408938796247,3.2067650776131,,28.1438610238182,26690.4157644386
Mauritania,MRT,2008,-0.331079223430805,7.34663541249786,,,41.6028504784511,52.517360521974,6.58359348707617,,33.0199276284352,25979.4166428939
Mauritania,MRT,2009,0.0978759143320076,2.22092032381779,,,37.2457483029123,44.7628692989027,-0.0651602023733604,,26.4330171849138,25371.1643973857
Mauritania,MRT,2010,2.62022948104543,6.28354087427704,,,45.7393481127116,47.6813970207492,2.31890567703789,,32.2510831347375,25268.0127834858
Mauritania,MRT,2011,4.17278327815399,5.68631959575954,,,50.1828096997874,48.3025199043706,8.70335489423716,,38.6535658588818,25590.6883173524
Mauritania,MRT,2012,4.47001319170479,4.90242727217997,,-18.2231603717948,48.2613552096143,62.5267675338065,20.6013054045892,,49.1668225188386,26029.861065636
Mauritania,MRT,2013,4.1508131898954,4.12910173783393,,-17.4684556266355,45.5485992122422,56.8502249709266,15.5890028558149,,47.5574424488877,26647.7707826011
Mauritania,MRT,2014,4.27482328814457,3.53436856147324,,-22.3452375422524,37.3892007219428,54.2211706416612,7.62361704174833,,41.7967195897633,27330.4883420734
Mauritania,MRT,2015,5.37633924099251,3.25472688117631,,-15.5013464565918,30.1951447553349,47.1516417391617,8.13584950372229,,38.4614769908791,28309.3410590504
Mauritania,MRT,2016,1.26090923067225,1.47171045650004,,-11.0456852081297,33.9251405488546,39.2281211248166,4.23731114711712,,31.2776418660843,28199.6818636382
Mauritania,MRT,2017,6.27054566937677,2.25427651934813,,-10.4262723627796,34.5056775300947,44.3093026532937,8.65007999188081,,37.8824922383055,29422.6830289941
Mauritania,MRT,2018,4.77217365692621,3.06735996058356,,-13.0177274187857,36.5862504012937,52.5604790922211,10.3416772803986,,46.4331362118471,29918.7739818522
Mauritania,MRT,2019,3.14100489306969,2.30009262117937,,-10.5273103616245,42.3975240406607,51.089170094471,-11.1917343784634,,40.0113579283691,29917.7338765538
Mauritania,MRT,2020,-0.360657384151068,2.3856948845632,,-6.97484998771504,41.406104283545,45.3700638487291,11.2328299227716,,38.6593231676652,29427.7802355052
Mauritania,MRT,2021,0.742715486567747,3.56516484650185,,-8.75965093399859,39.8560232643025,48.450850492821,11.6047527792442,,40.6159856690742,28615.6025441731
Mauritania,MRT,2022,6.79600500489967,9.52526628622843,,-14.8995650002896,39.737807822992,62.2880913027036,14.6644208551054,,49.0681215273204,29170.693127205
Mauritania,MRT,2023,6.80949001978621,4.95305034506872,,-9.01016507947871,38.4070908149798,53.7583536996945,7.90868374475115,,44.5439783104002,30037.4538184953
Mauritius,MUS,2000,8.20279174865273,4.19928825622807,31.6907550044809,-0.781626205334805,60.2825628484701,60.4050859251757,5.62071802958224,16.7284303346812,25.6366228937284,33879.4524610418
Mauritius,MUS,2001,3.34754072731407,5.38934426229508,29.7941358107018,5.90451835820637,67.0837948469199,60.9707841332703,-0.591895011199452,14.939651933863,20.4553975656282,35382.0124590551
Mauritius,MUS,2002,1.61491865862433,6.41933372221149,39.288508399984,5.08279804408041,60.7898676078676,57.4406027723833,0.653687020805774,14.8071830302121,21.7589512568517,34786.9364899842
Mauritius,MUS,2003,5.92544548947731,3.92105357558188,44.1430010758192,1.58063931123062,55.2631863215924,53.392392991836,1.0624597935284,15.8814971482717,23.3646604962179,35108.5957943834
Mauritius,MUS,2004,4.33001985464357,4.71037060105883,38.5444032538334,-1.67663771284403,52.6147202557885,54.4129780117163,0.208397536162955,16.0245110309857,24.0688056418522,37260.7124265875
Mauritius,MUS,2005,1.77754302034454,4.93717004981795,41.1387968950545,-4.92618819781318,58.2403213454801,63.368422651356,0.635284471239675,17.0271316668288,22.3668917324186,37717.4931104942
Mauritius,MUS,2006,4.8655446077553,8.91350105650142,37.4486905882301,-8.46784533621495,57.3596143564728,67.4226658359955,1.49569053565725,15.7841226919049,25.1830348660985,39064.5648081828
Mauritius,MUS,2007,5.72701615981669,8.82729272393294,34.1599246904864,-5.24237931729467,54.7868995397323,63.8371586090888,4.11677685025773,14.8731659702851,25.585558474828,41130.8269912859
Mauritius,MUS,2008,5.38696254207251,9.73228317146887,33.2416262961369,-9.63453373757756,50.1356866228953,63.3569772768285,3.72959175354516,16.7369969878264,25.0020821476659,42183.8653882209
Mauritius,MUS,2009,3.31507699790781,2.51609128145113,36.0211353228051,-7.06968200922858,46.6861651108439,55.7718546938114,2.77057948666431,17.8083501073991,23.4177215189873,43081.2969777659
Mauritius,MUS,2010,4.37720322344293,2.93236301369857,36.275908664453,-9.91425993466698,50.28130093276,61.2269011428151,4.23808594970717,17.7662208332399,26.7282315985642,44150.0809521299
Mauritius,MUS,2011,4.07753806610333,6.52249254869341,35.0358570491021,-13.3613354439671,51.4751506473361,64.077322355468,3.71075064331171,17.7589045999642,23.620010739216,46073.2298211728
Mauritius,MUS,2012,3.49611836470866,3.85216033315983,36.0040049386744,-6.99365644865861,52.7836292506771,64.6640098323494,4.97804411127418,18.3641906733303,24.0434130852371,47081.3577696393
Mauritius,MUS,2013,3.36040609974133,3.54329573934839,,-6.03377414727121,64.2358136939797,72.3163042652563,2.35929777878695,17.9161984393295,21.2822749430924,47421.3114276601
Mauritius,MUS,2014,3.82696982009337,3.21769191994684,,-5.21545878552884,64.816272933487,70.2827918319392,3.44327494440095,17.8701383969452,18.8434092990307,48756.672964478
Mauritius,MUS,2015,3.69055690369433,1.28654970760232,,-3.4285246337473,64.5652688880706,68.5698001956061,1.77973545308924,8.64644777855697,17.2696292161448,49860.3765068393
Mauritius,MUS,2016,3.8624682634,0.977675134718965,,-3.8514172228531,61.0475220099155,65.2624869881261,2.96891288123063,17.3820985285556,17.0515093773708,51713.502415602
Mauritius,MUS,2017,3.93798380632353,3.66699702675925,55.4162684218654,-4.40548405285013,60.344208720622,66.6198511642661,3.45396863043017,17.6959427372669,17.4349834928399,53144.0970055461
Mauritius,MUS,2018,4.00674057198549,3.2160538314457,54.5604097916564,-3.71313154895019,58.5675023395557,64.9714820469881,3.078791712383,18.1330623848692,18.5929173028616,55274.3963733316
Mauritius,MUS,2019,2.89128499346516,0.405655190309553,57.1349404640455,-4.90600168637665,60.3459360407147,67.5949630234179,3.03223371830849,19.13062550287,19.1587201983377,55991.1879372099
Mauritius,MUS,2020,-14.5465381490166,2.5808007718283,,-8.66939843609858,55.3610157089461,65.7642097954036,1.94246862517576,20.4233655246973,17.9660771142475,52271.6349586509
Mauritius,MUS,2021,3.40379866177662,4.02852888157376,,-12.8775923599067,60.7673543178385,74.4256502967714,2.24180552669211,18.0479952450531,19.5586402172747,56372.3780608209
Mauritius,MUS,2022,8.69306675264066,10.7737512242899,,-11.1067938800961,67.0292948520561,80.6345001819556,4.21993412406582,19.0380322201383,20.411044705092,57024.5052927819
Mauritius,MUS,2023,5.00791900868131,7.05298238454736,,-4.95170152620903,69.0411453509364,78.2802467779156,5.39963130399295,20.5916033847192,19.9232351140484,56330.5544421409
Mozambique,MOZ,2000,0.766234955773442,,,,11.2856851913847,36.6351956102043,2.3488011074454,,41.1306699228634,1568.69239292171
Mozambique,MOZ,2001,12.8516820207736,,,,18.7397822798285,31.675527297898,4.52085884679156,,33.5003655629406,1727.25171994106
Mozambique,MOZ,2002,9.66850534669427,,,,21.4699466720227,51.8392160854003,5.83542740620485,,40.5930874570462,1848.43443682976
Mozambique,MOZ,2003,7.21770086569656,,,,22.8118539424611,47.3565060054572,5.1142557345062,,33.4266191606781,1930.94258792905
Mozambique,MOZ,2004,8.20470494788577,,,,26.3746134140712,45.6773867471662,5.99090663119619,,28.5978286726962,2057.79935853281
Mozambique,MOZ,2005,6.31202378023193,6.42755278070087,,-8.57633327947647,27.8677637269046,44.1414972511937,1.380320098608,,25.3698573633999,2153.74747051607
Mozambique,MOZ,2006,9.91067756782915,13.2450879070999,,-7.94365295252278,28.0396818491761,39.3102158380928,2.64086218183932,,23.9349486697295,2327.79734347559
Mozambique,MOZ,2007,7.64935393795867,8.48948675497455,,-7.27188482122911,28.3208398689763,37.7995423150753,3.85414645531421,,22.3504915090903,2465.66840819707
Mozambique,MOZ,2008,6.87802942560995,14.5028053002268,,-8.87904477952135,27.3462655617765,37.6351509380515,4.96426075394528,,22.0302459322751,2593.05269726661
Mozambique,MOZ,2009,5.92897187460815,3.78861330914625,,-9.99835364421757,27.9834214693156,39.9151512988254,7.58405403589617,,19.7560524022268,2704.02122460704
Mozambique,MOZ,2010,6.67972935662864,12.4255421735156,,-14.7165826342635,29.3682327373567,44.4691205308325,11.0275561357338,14.3466100309506,23.195521262122,2837.13077109047
Mozambique,MOZ,2011,7.13405842300445,11.1666056127874,,-22.7703546509241,31.3789002672832,53.0273116660187,25.0623636819297,16.7995295127161,29.4060839527514,2983.36953103925
Mozambique,MOZ,2012,7.9945031610722,2.60245456956618,,-40.6875061700663,30.0174391521977,75.9171489083132,33.767102801243,18.6287778328985,50.5904295928331,3155.97249105752
Mozambique,MOZ,2013,6.57141389665537,4.26135250941963,,-36.3613191591472,27.9938072708211,81.3915693283089,38.9428653441902,21.5406521425782,56.3958108944659,3293.88601613706
Mozambique,MOZ,2014,7.70256844839309,2.55974875844295,,-32.2453333565598,32.7890372970921,83.567817945125,27.8047100445849,23.9653838768408,53.6431747577994,3471.79402143607
Mozambique,MOZ,2015,7.3930936986377,3.55075967356746,,-36.6947715334654,32.5722935328402,66.1889101182498,23.8654900431928,20.0064845206447,42.245787501845,3648.23349038411
Mozambique,MOZ,2016,4.69699024225795,17.4180418197597,92.242445572337,-33.6916062672094,35.3819373953665,75.0124208061143,25.9187724637849,20.0767622116195,46.2803958702032,3712.50379172913
Mozambique,MOZ,2017,2.63820737310658,15.1132073899384,78.5046092527536,-17.9387522356553,41.043463320554,64.7021773815331,17.4831119319856,22.1120849463555,32.2043068430655,3703.10068167671
Mozambique,MOZ,2018,3.48493202422782,3.91133439990729,81.3537163156048,-29.4674796418233,45.5310358403147,79.0764216850568,11.1741431838994,21.1926368441561,45.9807658182121,3724.85642184641
Mozambique,MOZ,2019,2.31781394821475,2.80270307928111,78.8783415047574,-16.0764477598265,37.1420563608323,68.4491150410889,21.7841914901932,26.6828600594733,40.8461199313593,3706.23698945483
Mozambique,MOZ,2020,-1.21952250011192,3.48393567493204,101.390931763888,-24.9913481328696,32.7898734687844,67.1162725831946,22.3944370320025,21.5267029366581,44.8266764679686,3603.33828974455
Mozambique,MOZ,2021,2.37743572761507,6.40847652975692,84.1569664621914,-21.1927915856731,40.3504985242732,71.7284659340598,32.7522138534006,22.7477557091156,40.369313777893,3592.98606306501
Mozambique,MOZ,2022,4.36445074432608,10.2794018093421,76.6350609536734,-33.7160091783462,49.8269428040417,85.4526356129497,16.0042947069706,22.66159088001,43.2043468044561,3651.44413852465
Mozambique,MOZ,2023,5.48149036541776,7.12697482131851,72.6610029459905,-10.5502424155844,45.6142812306282,60.4443321993941,12.8268059338812,22.3596241300585,19.535274541865,3721.2051255061
Namibia,NAM,2000,3.49218336365178,,,4.88302195508905,40.736150559887,44.3960937348397,5.00609742133938,27.4285090407923,17.0414659698036,31148.6717459234
Namibia,NAM,2001,1.17794869467917,,,0.296284143221953,41.0559430255954,47.528158812429,10.6634799262844,26.3094628493947,22.2525424516009,30855.3991288699
Namibia,NAM,2002,4.7886612188211,,,2.56344598181965,46.1689000685777,48.2463228263129,4.40514414376661,26.0619966741516,18.5884486772501,31639.7883847066
Namibia,NAM,2003,4.23979429582137,7.1361531145863,,5.39320601443691,43.4294440838332,52.5230302978881,1.32166219939022,23.1947692240056,19.3882824399724,32338.4041468259
Namibia,NAM,2004,12.2695481036769,4.13663213144748,,6.75263572812587,39.797940206821,42.0643203848333,3.38257441805413,24.2728217434857,19.0604614572453,35349.6021214389
Namibia,NAM,2005,2.52926265819022,2.28194607024307,,4.54506155040309,40.4085763351911,40.2718039587905,5.37845791807398,25.7290098770124,19.669813393528,35243.6522282582
Namibia,NAM,2006,7.07317531845825,4.96116689298916,,13.5327560610168,45.3668335484121,41.4671357775877,7.62577614409133,29.0721666064647,22.2120214706566,36524.4555622142
Namibia,NAM,2007,5.37404415167634,6.54788141101717,117.515261124236,8.45998885353951,49.8552010266907,55.1241027322248,7.57033929521728,30.5252906049617,24.0613337128992,37536.0663696267
Namibia,NAM,2008,2.64981203780268,9.0946430719281,1.10133141237365,-0.107055208867992,53.6534356342124,65.9910625505728,8.71835372051848,29.70119351839,27.4739234636227,37428.8635955083
Namibia,NAM,2009,0.295970914001089,9.45172651521705,0.277603198530483,-3.54487581295612,51.5631748119652,72.199669481011,9.27473594549885,29.0723052633118,26.1159251664954,36686.2431903041
Namibia,NAM,2010,6.03924947955858,4.8749198764395,1.60694919254531,-3.92244710726353,48.2819544785637,59.7905226950419,2.51525326747705,25.5423159777691,23.7799989593426,37868.337263869
Namibia,NAM,2011,5.09133813864338,5.005595180812,7.45061506273455,-6.84779731737787,45.5397819208328,56.6493658333056,6.41681322346953,29.5505904218204,22.0540088688971,37566.2048701322
Namibia,NAM,2012,5.0616820696264,6.72199777334886,-1.17072566818484,-8.58334513038741,40.058338011922,60.1550707623781,7.98613044962652,32.9327514425925,26.7226689596707,37134.8971400246
Namibia,NAM,2013,5.61471962254485,5.60092502290401,2.57186406129022,-8.23764757879192,37.5019849152538,60.2229193151294,6.45232765797467,32.9807193371969,29.3954197576571,36604.9374770475
Namibia,NAM,2014,6.09251915977956,5.35016966859602,,-9.4288687784074,39.017085209178,64.0630518000757,3.58316691192793,34.6286881010585,34.7765509650404,38104.8033743957
Namibia,NAM,2015,4.26417453763675,3.39401538410559,4.6675823557404,-13.7578944670231,35.3708484097637,61.8681833775841,7.40068055968424,33.4223868666157,30.5564396891943,39896.0819050771
Namibia,NAM,2016,0.0337944502063294,6.72858234593338,,-16.4970881327639,35.0094674181023,58.9567205420598,3.34570437311555,29.673463838066,22.0299428254904,40291.0187226923
Namibia,NAM,2017,-1.02724808856709,6.14579981111164,,-4.42059051747783,33.6208040771432,47.5988620240004,2.17505730200543,31.3076966346094,17.7664956160323,38579.9830160931
Namibia,NAM,2018,1.05993949860752,4.29159105337875,,-3.55152146428618,35.8825645595703,45.8313007368101,1.71299808328534,28.9317139130964,14.9163471003735,37630.719914906
Namibia,NAM,2019,-0.839152163419357,3.72239414422695,,-1.76497330612084,36.4008818615818,46.5002688810536,-1.40710628631611,30.3930951920007,15.3291127102813,36365.7339585196
Namibia,NAM,2020,-8.10140201443319,2.20938236933469,,3.97932903342157,33.6778689517423,43.2473734519041,-1.41889955275348,31.2059110714252,13.9292034235476,34721.0423419156
Namibia,NAM,2021,3.60382919248703,3.61690530108814,,-10.7496086508525,31.9564108832988,51.5878922090636,6.77514897706551,28.0639865897267,17.5126568387859,34703.4206784213
Namibia,NAM,2022,5.3987247803654,6.08128114112413,,-12.5650462510737,40.4584718299625,58.8040829514438,8.40166893779959,27.1668398520557,19.9742056445263,33615.738136171
Namibia,NAM,2023,4.44280600303956,5.87993463284275,,-15.1667389227704,43.6267689759435,67.1439449900398,18.4906995136203,32.962902094721,28.0124983478241,33951.2221629919
Niger,NER,2000,-1.20847774100575,2.90014973599108,,-4.65677330266078,14.3397037015635,20.3730770027969,0.703342920154778,,13.1422096449305,2901.71975874576
Niger,NER,2001,7.26813490213235,4.00551428352678,,-3.77103577195078,13.4558135151968,19.5578535691046,0.922420853977935,,13.7924282479468,3016.80399607297
Niger,NER,2002,4.91847057594622,2.62886597938136,,-5.95095241784039,11.9188080478994,18.9155777018555,0.281340736477619,,14.6260219197075,3077.08112787675
Niger,NER,2003,2.1706103837418,-1.61440769175596,,-6.45750654841095,13.2742280973529,20.1085650442709,0.5459244666531,,13.930300225432,3056.05723425065
Niger,NER,2004,0.363801578722132,0.262543757292838,,-6.15019981758,14.2585696095611,22.7055348369284,0.649159742962507,,12.4971525069023,2989.10977573875
Niger,NER,2005,7.33186884258517,7.7974978178644,,-7.10956498131608,14.411416011146,23.9363257959276,1.13506754317922,,19.3354300345284,3117.27616239975
Niger,NER,2006,5.93104997350342,0.0404858299595074,,-6.60182023558473,13.8704426231817,22.6609305610612,0.847497530197073,,19.8084879016599,3176.72739903045
Niger,NER,2007,3.14272408386731,0.0539592607581562,,-6.13680984428318,13.0665385476229,22.4362642994778,1.72858641411291,,18.9137733233404,3152.8056365172
Niger,NER,2008,7.73141422777337,11.3051098827019,,-8.96292471931381,13.1805095968022,26.5307344572361,3.87903143663185,,26.4435525343116,3268.70199760569
Niger,NER,2009,1.96260090694645,0.582906590801122,,-18.0270234730353,14.977850620897,34.5344060822655,8.62089060209857,,28.4722719649335,3207.45041025965
Niger,NER,2010,8.57816674262253,0.804073080882659,,-14.4829041887518,16.1844145982019,35.7615717045608,10.146689915564,,32.6404605165102,3345.39418325592
Niger,NER,2011,2.35775693603874,2.9423851401332,,-16.3335422488128,15.2895554371407,34.9568397197938,12.1645061403035,,31.613128828242,3289.85878838313
Niger,NER,2012,10.5489445763446,0.455089820359289,,-10.8373796125037,16.1005770719535,28.9853874011265,8.92367913404553,,29.3142436915252,3654.41800627649
Niger,NER,2013,5.31513063394726,2.29723114955317,,-11.2529264462121,16.9790336020885,29.3161155472406,7.03516563238375,,29.7124814690798,3770.18137589346
Niger,NER,2014,6.64213665495603,-0.930287259984466,,-12.0310951996372,15.945862927875,29.7957379087183,7.57591181433667,,31.1100819925506,3944.59600464634
Niger,NER,2015,4.39264883207291,-0.576090369833189,,-15.3473430526611,14.2683699619368,30.4590604092492,5.46761764113716,,32.3568228692158,3971.38851277407
Niger,NER,2016,5.74089315058157,1.65388922387806,,-11.3633579890888,12.1833388939158,24.3047703306361,2.89774478323805,,27.5210696310413,4045.8476343647
Niger,NER,2017,5.00536078615544,2.79637318871284,,-11.3934461122486,12.8065412142116,26.2645705228033,3.02823024727599,,26.0152521380461,4096.7880285397
Niger,NER,2018,7.21141802762897,2.96760366004456,,-12.6586015970767,11.2957371550569,26.2431112441787,3.63037399478134,,28.9187722247215,4236.72475157405
Niger,NER,2019,5.93985257123522,-2.48979265070855,,-12.1993364507939,10.7593769160532,26.3431895090269,5.56378872795104,,30.6723209374769,4330.93039147916
Niger,NER,2020,3.55064109436891,2.8981937602627,,-13.2104717583835,9.73784560618977,25.7751450508943,2.62395545283651,,28.4897323087862,4217.03785110526
Niger,NER,2021,1.38359636198477,3.8378680284051,,-14.0736964853201,9.99372066917064,27.0221728812007,3.98812628006033,,27.5604161245789,3992.98992183438
Niger,NER,2022,11.9000000000277,4.22621791916392,,-16.1987356727326,26.4030742163666,26.4030742163666,6.25880834283465,,29.6208107643846,4112.31869163037
Niger,NER,2023,1.66763406484279,3.70097316425834,,-13.969604179294,23.7067972001129,22.7687608629538,6.14147869426916,,21.6844069972649,4020.6426751349
Nigeria,NGA,2000,5.01593475931152,6.93329215565161,,10.7371768862311,,,1.64832098964767,,,10851.8405589799
Nigeria,NGA,2001,5.91768464920371,18.8736462093863,,3.36845503733351,,,1.61861555824339,,,11205.9350226503
Nigeria,NGA,2002,15.3291557409559,12.8765792031099,,1.13946817426015,,,1.97158413526786,,,12589.635382055
Nigeria,NGA,2003,7.34719496799492,14.0317836131437,,3.23719691054246,,,1.91462056992191,,,13200.6140599855
Nigeria,NGA,2004,9.2505582291798,14.9980338183251,,12.4042052774237,,,1.38037387490881,,,14078.0201198094
Nigeria,NGA,2005,6.43851652538348,17.8634933661605,,20.7940448372853,,,2.83629405374322,,,14663.3512904585
Nigeria,NGA,2006,6.05942803202906,8.22522152017047,,15.3142425877273,,,2.03575267319875,,,15196.5526282661
Nigeria,NGA,2007,6.59113036068679,5.38800796858626,,9.93609280353565,,,2.16919536982392,,,15821.4469001633
Nigeria,NGA,2008,6.76447277780228,11.5810751748252,,8.58534493307947,,,2.41373918254011,,,16492.4263523371
Nigeria,NGA,2009,8.03692510099023,12.5378277304689,,4.70138235015375,,,2.90024873175983,,,17368.8502951415
Nigeria,NGA,2010,8.00565591628701,13.7400521363694,,3.57264829109624,,,1.64207369186652,,,18310.8249356284
Nigeria,NGA,2011,5.30792420289453,10.8261371880017,,2.57400123356654,,,2.133117701613,,,18803.3230199604
Nigeria,NGA,2012,4.23006117493223,12.2242413020584,,3.7446896447893,,,1.52378233769127,,,19079.9177456236
Nigeria,NGA,2013,6.67133539306167,8.49551838265669,,3.66244030371784,,,1.06953936497778,,,19845.468169211
Nigeria,NGA,2014,6.30971865525431,8.04741087967907,,0.157882534299197,,,0.817478467870197,,,20593.2495318269
Nigeria,NGA,2015,2.65269329543001,9.00943498007706,,-3.13140101186134,,,0.621501637000126,,,20619.1025038286
Nigeria,NGA,2016,-1.61686894906509,15.6968126387972,,1.25472098152786,,,0.853395742751916,,,19790.2885831835
Nigeria,NGA,2017,0.805886619102438,16.5022662139641,,3.60982550121523,,,0.642182922336257,,,19436.1674896984
Nigeria,NGA,2018,1.92275734200614,12.0951065173432,,1.72693303668361,,,0.183821495682229,,,19284.6250247194
Nigeria,NGA,2019,2.20842927714892,11.3964223378116,,-2.04801100743442,,,0.344961215904222,,,19181.3569052394
Nigeria,NGA,2020,-6.36889840510109,13.2460234276597,,-2.67061135743196,,,0.398484830422215,,,17925.4384271702
Nigeria,NGA,2021,1.10925253938163,16.9528457221608,,-0.534215770594035,,,0.543909122152652,,,17376.1807851379
Nigeria,NGA,2022,4.31882949523192,18.8471877843274,,0.157446238586316,,,-0.0288727652154093,,,17087.2035617198
Nigeria,NGA,2023,3.32684556421316,24.659550203114,,1.31788745937756,,,0.384195197914633,,,16753.7063398014
Rwanda,RWA,2000,8.37089593548548,3.89952980284712,,,5.37717849178342,22.1076853332611,0.391524366669991,,12.2911723538114,3459.7341450787
Rwanda,RWA,2001,8.4845603416011,3.34285506749409,,,7.26898430311878,21.9299251345738,0.940709512317624,,12.7844289211049,3659.20151622525
Rwanda,RWA,2002,13.1920736254262,1.99258542453993,,,6.18067969706938,21.4287584191479,0.0762969152415173,,12.6161021461481,4022.21163126222
Rwanda,RWA,2003,2.20238751139603,7.44970014007366,,,7.77665392566841,21.5339703097417,0.219807223769547,,13.1689898461308,4000.33505117839
Rwanda,RWA,2004,7.44766737034072,12.2507102894391,,,10.3935220427215,23.0681510603655,0.324006427230548,,14.3572006203523,4166.83369104978
Rwanda,RWA,2005,9.3778991673686,9.01408918092339,,,10.6879847934518,23.5285535484134,0.271318643761601,,15.1471395794747,4430.46594241906
Rwanda,RWA,2006,9.22707576798881,8.88282654777923,,,10.8834165953429,22.338020477063,0.923071050017332,,15.0250898905664,4689.60589698567
Rwanda,RWA,2007,7.63329819125276,9.08072205873158,,,13.6678238827712,22.3031493144566,2.02144725253631,,16.7899322992344,4909.42576090276
Rwanda,RWA,2008,11.1612473247323,15.4382138709255,,,11.2727549070714,26.3317559477341,1.97476605952382,,21.3446999189279,5306.22906640562
Rwanda,RWA,2009,6.24825750620508,12.9443978401712,,,10.367482812293,26.4381451961885,2.0912940636988,,21.0151940236714,5490.99858828723
Rwanda,RWA,2010,7.33465645006753,-0.246128693436934,,-6.51687014325837,10.7427647311274,26.5361143612077,3.52981463633808,,20.5325011611394,5732.27517064883
Rwanda,RWA,2011,7.95838869847094,3.0801706924026,,-6.92834416704242,12.6588705752209,27.0572319022891,1.62859755954292,,20.9013969880418,6027.4484343191
Rwanda,RWA,2012,8.64150815836322,10.2710182318876,,-9.68045842086916,11.9942781520571,28.5465848466622,3.52219420805752,,23.3041445547138,6366.53018571241
Rwanda,RWA,2013,4.71984856978263,5.92426867984854,,-7.48220331305966,13.4925358045666,29.2009566249696,2.98932057367113,,24.4311537415127,6495.44132034157
Rwanda,RWA,2014,6.16716615166932,2.35449052820358,,-11.3438929928213,13.8686615802081,30.0340721108669,3.81112336248267,12.947629272471,23.2290320311828,6715.97361672212
Rwanda,RWA,2015,8.8568555974538,2.52850284192421,,-12.6837769389105,13.2317868359616,31.9701887799487,1.89710171173713,13.2938948827544,24.240978094561,7114.28775205823
Rwanda,RWA,2016,5.97074525431094,7.17434301982009,,-15.305126232999,15.4218031562888,34.0631039507003,3.21723490346275,14.4161495047057,25.8958453602119,7331.97330952888
Rwanda,RWA,2017,3.91817093628465,8.27953672260832,,-9.46048176908828,20.5283808772972,33.1468865404281,2.96153582649288,13.4513713908946,23.8350248025789,7419.45099872865
Rwanda,RWA,2018,8.51646722592409,-0.311210160390699,,-10.1142510894979,21.10801098862,34.6761153853403,3.79950138241727,14.2497109124285,22.3221933243073,7728.49339243518
Rwanda,RWA,2019,9.44738518613097,3.34787655037648,,-11.8932238048423,21.8254435390056,36.1502193247898,2.54289979218123,14.6053573065033,27.0287152007204,8520.96882545312
Rwanda,RWA,2020,-3.37368746369782,9.85039902274207,,-12.0648128308305,19.3259418342726,35.8620097177129,1.49998346928248,15.0744687955714,23.7346563348968,7497.64717302617
Rwanda,RWA,2021,10.8584320184896,-0.391346748300791,,-10.9152624610396,19.502494693488,34.7913371528487,2.10659286861252,14.4637097884958,26.7349156072212,9088.21778077699
Rwanda,RWA,2022,8.16120720872912,17.6892095588153,,-9.36601780213995,22.4780615146911,38.667017988674,2.29121488787355,13.6800512034657,25.7418263768417,9154.77624285661
Rwanda,RWA,2023,8.24990302014558,19.789546746467,,-11.4935434871962,25.0057307202908,39.9011734217134,3.19322395833009,13.5080695457144,23.5855215423605,8815.42514480089
Sao Tome and Principe,STP,2000,0.448368261692949,12.2089456308977,,-26.3530521883155,,,4.98698169293887,,,32531.2524797199
Sao Tome and Principe,STP,2001,3.06448295788719,9.22203707560889,,-35.5295840568537,,,3.94990814037949,,,33412.5933269276
Sao Tome and Principe,STP,2002,3.360188168222,10.128724672229,,-31.2249951011705,,,4.22678714274198,,,34458.81577072
Sao Tome and Principe,STP,2003,8.29151946119818,9.79241974934509,,-27.7539600682048,,,3.3305327757187,,,35780.7847036513
Sao Tome and Principe,STP,2004,3.5379059435684,13.2858860871796,,-32.3272461423146,,,3.05544616526837,,,36000.2726533793
Sao Tome and Principe,STP,2005,6.61462475033599,17.1522049354354,,-26.5288051595619,,,11.4796071529221,,,37581.3444616717
Sao Tome and Principe,STP,2006,8.86610935944026,23.0770373451381,,-40.3849806309735,,,26.6263783885012,,,40000.6635552223
Sao Tome and Principe,STP,2007,3.64147185166024,18.5485136325779,,-43.1433732431771,,,24.156401012097,,,40164.4777624303
Sao Tome and Principe,STP,2008,6.2287850696102,31.9901039492573,,-49.7318439586792,,,42.0928084101522,,,41382.0384842266
Sao Tome and Principe,STP,2009,3.30239966645061,16.9574758025945,,-39.2591791041684,,,7.72419866486855,,,41643.754646859
Sao Tome and Principe,STP,2010,1.44845522890635,13.34005235378,,-46.0873607998782,,,26.6286088078235,,,41072.0075923988
Sao Tome and Principe,STP,2011,1.99943210333259,14.3271667616801,,-46.7031436146432,,,14.1981181119688,,,40807.4088480938
Sao Tome and Principe,STP,2012,2.94294277416023,10.6379353431628,,-43.7836821673181,,,9.95129371315347,,,40864.4738285095
Sao Tome and Principe,STP,2013,5.11967735428513,8.10583270875476,,-30.4299465368537,,,4.55447319839345,,,41617.1745520098
Sao Tome and Principe,STP,2014,4.90621048664867,6.99849943966421,,-35.4587784381715,,,9.03727468460171,,,42345.8128257667
Sao Tome and Principe,STP,2015,1.5397042826735,5.24587835022454,,-26.4207009685278,,,10.7400374911446,,,41805.8218254668
Sao Tome and Principe,STP,2016,5.17682468684113,5.43051966119156,,-21.0403152023302,,,7.98279155418215,,,42722.3555677576
Sao Tome and Principe,STP,2017,4.11297966281954,5.6902961992902,,-22.7156290253769,,,10.6236604862763,,,43234.2053116328
Sao Tome and Principe,STP,2018,4.37812808264972,7.86859628873909,,-19.5798259962622,,,6.17598418618007,,,44243.2274730639
Sao Tome and Principe,STP,2019,2.01431672129407,7.72024525213248,,-21.799320591176,,,5.85791781434652,,,44346.49012254
Sao Tome and Principe,STP,2020,2.62485949543812,9.81932791540146,,-12.64674361519,,,9.99771582880853,,,45779.1448838504
Sao Tome and Principe,STP,2021,1.89929891337832,8.13777038378732,,-18.1632158527971,,,11.250926099997,,,44843.510744273
Sao Tome and Principe,STP,2022,0.168698492216564,18.0056351122841,,-4.73214359308342,,,10.2819916432401,,,42990.4612581856
Sao Tome and Principe,STP,2023,0.372252775001456,21.2589138473,,3.02606172743452,,,-3.73659884967941,,,42095.5499737471
Senegal,SEN,2000,3.88721095816793,0.731981981981597,,-5.54079842355363,17.7641495981977,30.9159401250653,1.35774452423374,,22.3732272873417,11259.991382583
Senegal,SEN,2001,4.31085146618369,2.97450083919566,,-3.77513794796373,17.7006801043602,32.0198979604711,0.692757272925303,,25.5702135059709,11441.6477091519
Senegal,SEN,2002,0.0686965747419066,2.33730187454299,,-4.54340089477442,19.6168800518197,33.5274194123132,1.18024440779397,,23.1150021289388,11153.5880633344
Senegal,SEN,2003,5.59395094456143,-0.0519970242714495,,-4.98969389328597,18.2180266837333,32.6031932096043,0.986458285223565,,23.9262712508604,11459.2171701967
Senegal,SEN,2004,4.64329393683312,0.514781781023016,,-5.0744758990416,19.10166287579,34.5575402517628,1.36534663159615,,23.6336696840746,11692.4724167232
Senegal,SEN,2005,4.31023852639633,1.71133325855502,,-6.14150322696352,19.8066375707013,35.0966059982472,1.52551294776184,,24.5728792485602,11884.6676606675
Senegal,SEN,2006,2.33077098330239,2.11228583877117,,-7.36865431598262,19.252084644369,34.8841531648922,2.47770837743402,,22.4168252607608,11875.7710361629
Senegal,SEN,2007,2.82711920133374,5.85330428467681,,-9.37907093301321,20.5543882272223,38.7169161277572,2.51145667497291,,24.6184148818474,12039.9798719192
Senegal,SEN,2008,3.70316906391386,7.34720236578406,,-11.222076072763,20.8463012615706,41.9154685560613,2.70404739796078,,26.2267083321653,12312.329125842
Senegal,SEN,2009,2.75210448455053,-2.2480214785534,,-5.30915741099426,19.3938665528849,32.9134243244516,2.05299535843601,,20.3974883741685,12477.7141467263
Senegal,SEN,2010,3.39088925336209,1.22868119673344,,-3.65650876220736,19.9812388274952,32.4766163687996,1.68778336701059,,20.0869466642817,12727.4785972122
Senegal,SEN,2011,1.33409107961258,3.40322829786971,,-6.44529936745541,21.303548885652,36.2733297133058,1.90106996405963,,21.0003400122128,12718.3345034299
Senegal,SEN,2012,4.00299555090457,1.41822871177854,,-8.65191854670285,22.4743744215738,39.5009295824637,1.56368019565039,,24.6240972538796,13160.5607791728
Senegal,SEN,2013,2.41238527605579,0.710245486695176,,-8.19227245767779,22.3497423099059,38.2770240497678,1.64581763022307,,24.0663485140699,13376.1857735243
Senegal,SEN,2014,6.22407443790986,-1.09025507446895,,-6.80294523804886,21.7782967413225,36.6642322347768,2.03613121185767,,25.8807867671935,14011.3583080451
Senegal,SEN,2015,6.36704365066983,0.135211933635165,,-5.31619475400191,22.6771945016724,35.4331431725293,2.30194934655844,15.7743360472944,25.8333087504104,14701.894660869
Senegal,SEN,2016,6.35606857181878,0.837284942557434,,-4.178756111634,21.5608580962682,32.5473111109457,2.48110320660753,16.3711764463022,25.3616730282266,13381.1200534149
Senegal,SEN,2017,7.4074861863013,1.31815314847789,,-7.26914082739769,21.9300831477167,35.775196697845,2.80185380597297,15.9064516552729,29.8155743419591,15063.6101661991
Senegal,SEN,2018,6.20924103389086,0.460985642464188,,-9.58292425612147,22.9490914783308,38.8407480009875,3.6676580901097,16.3782524667298,32.6479409412239,14600.4036964297
Senegal,SEN,2019,4.61362809749708,1.76011151192939,,-8.10949609772061,24.9831341973865,39.253116408714,4.55247618583033,18.4192836371669,31.9656603434826,13972.7002212484
Senegal,SEN,2020,1.3420737726679,2.54314685681662,,-10.8532305243561,20.7005528555706,39.346318758136,7.52395708111684,17.4488278981927,35.632965093467,13749.3707624992
Senegal,SEN,2021,6.54400109964304,2.18032278088147,,-12.0900482268387,24.6396021156771,44.7363918727061,9.40426405095026,17.5501329724803,38.3530133013182,13883.4554922452
Senegal,SEN,2022,3.85043193735768,9.69681899081073,,-19.9485520410487,26.6991642240508,52.9006574275324,10.5411241953817,18.5924841956883,45.3064643568889,13771.230144588
Senegal,SEN,2023,4.2574308328029,5.93947798773215,,-19.7803402658787,23.1048516643818,48.2881732483628,15.6044600024418,19.5370790023371,41.928839419992,13907.2392559268
Seychelles,SYC,2000,4.25319834931828,6.26876876876878,,-6.56104546972391,74.3224695850101,76.9799782501566,3.71851665514147,24.5127813836835,24.9183939465335,
Seychelles,SYC,2001,-2.27116288552982,5.96962204168156,,-23.1184684109926,82.5137647126717,97.3711501648011,9.77854727943918,,40.395100282651,
Seychelles,SYC,2002,1.21283290259314,0.174999999999924,,-13.645650344015,76.6793001313966,80.2505894259036,6.42979491804749,,27.588134558915,
Seychelles,SYC,2003,-5.88712848764477,3.30255386407089,,-1.2468218160317,87.528383299959,81.3158517342573,7.78128204836837,,10.9629831806923,
Seychelles,SYC,2004,-2.8504539768538,3.85730391367399,,-6.75447656002783,72.881704642054,76.6592321082362,4.25692407405115,,17.4160642655973,
Seychelles,SYC,2005,9.0057617374238,0.907187718073944,,-17.8003425507562,77.107535101306,93.9942008534583,8.25542388019619,25.6585989027018,23.8691409523337,
Seychelles,SYC,2006,9.40612855732827,-0.353465498693756,,-12.3693581655909,83.0810386236547,94.4858968909654,12.997071189638,23.2079124270583,30.3222238580205,
Seychelles,SYC,2007,8.87606645570879,5.32060027285142,,-18.0086154122811,86.8437263258592,88.0847364723994,16.3299180561317,22.3072095857786,29.2244294345938,
Seychelles,SYC,2008,-2.72594626154864,36.9647582875289,174.684386535722,-26.8423661578652,98.1354103896525,110.707558115675,18.3570766112751,22.084701660805,27.643033995501,
Seychelles,SYC,2009,-2.47937594726137,31.7544407744178,,-22.2660045596962,105.386908585995,116.546916772014,19.7733389965627,,28.0272254229443,
Seychelles,SYC,2010,4.50513204312067,-2.40463875108227,,-21.8405252938197,91.3669510520251,106.795741372303,16.2787980957365,,37.0314238165867,
Seychelles,SYC,2011,9.5097833517957,2.55926772230953,,-28.4521363904849,97.960756878163,112.114625869829,13.5270690867223,,34.816249355555,
Seychelles,SYC,2012,3.1106784939243,7.11037062326403,,-14.8074270420074,103.047226902883,119.131027950258,56.2882654419862,,37.7299203495349,
Seychelles,SYC,2013,1.25373496242949,4.33893848329099,,-11.8972428115469,94.7030316815297,101.814701587263,4.29723724959436,,38.5669057079413,
Seychelles,SYC,2014,4.0636918123521,1.38583454581263,,-22.3701856914691,99.180749158294,114.173720268192,7.80896304548278,,29.0548988749451,
Seychelles,SYC,2015,8.9140088750469,4.04194410725617,,-17.8847188907867,90.0846282601248,97.3903842075545,7.39272196242003,,26.8795153716518,
Seychelles,SYC,2016,12.1175272453913,-1.01548191697626,,-2.61384777681388,85.3502574058314,95.5159309851078,4.35742188671966,,25.1347394249892,
Seychelles,SYC,2017,6.95416218794271,2.85679575568437,,-2.20368065340164,93.9095722862406,103.532664131629,11.7771697387857,,24.5351766928824,
Seychelles,SYC,2018,4.93947272254312,3.70291839111568,,-2.34133369670356,87.0444044109968,98.6631327999028,17.1030662941746,,21.9869866164983,
Seychelles,SYC,2019,5.5142920737342,1.80709400809982,,-2.842387489846,82.3562686214226,91.0515782587732,13.7575701960234,,22.0855945287218,
Seychelles,SYC,2020,-11.7398608281732,1.20266463987123,,-12.5301883307748,66.5466895183828,86.9366420475376,5.79027015191072,,21.3213198960022,
Seychelles,SYC,2021,0.552281631207279,9.76909936973542,,-10.7699576448461,80.2638714731898,103.50694354147,7.52808883301193,,16.4677161262206,
Seychelles,SYC,2022,12.7104688902836,2.6260363285129,,-7.01801917874827,90.1216033127767,99.7052321238143,9.40509377025538,,18.0729742622698,
Seychelles,SYC,2023,2.25925322283285,-1.03530088431952,,-7.07152041565948,83.4083692100392,97.4188932916207,10.9586044074443,,20.5743415497622,
Sierra Leone,SLE,2000,6.65273028404766,,,-17.658489136383,18.1348435554968,39.3951193404254,6.13349349626252,,1.09681037230364,5696.03520190682
Sierra Leone,SLE,2001,-6.34545563328469,,,-5.82077902001999,7.95364542581068,27.9845131823208,0.584947649727907,,10.9930810148955,5036.76505702343
Sierra Leone,SLE,2002,26.5241350674409,,,-3.78669132902158,8.66771541641686,30.2491957804677,0.538476849671278,,11.8061528715886,5997.03335196839
Sierra Leone,SLE,2003,9.48363126885343,,,-3.86532771869266,14.0852358008596,32.361200569403,0.402080514728161,,11.3298833061018,6302.42309800128
Sierra Leone,SLE,2004,6.47884588417347,,,-4.42616819447044,16.6816648084656,29.4903343681381,2.73329141184343,,10.4298347150006,6309.58193730792
Sierra Leone,SLE,2005,4.3534998069981,,,-4.12285133599241,17.8261820142691,29.7218019749559,3.56470945553037,,11.4096079062413,6509.25067368403
Sierra Leone,SLE,2006,4.28311062264335,,,-2.91139372809153,9.51102626792313,12.5778402060443,1.80375615409317,,10.5468598425727,6732.11252966099
Sierra Leone,SLE,2007,3.74975804751641,11.6499744518106,,-4.40780618552025,9.04770766383076,12.7590916050931,2.6278911435046,,10.1591673004271,6926.06821260818
Sierra Leone,SLE,2008,3.68605969932123,8.21112432289608,,-5.42208122544718,7.76348967742327,13.4931258862752,1.27696981909264,,10.3794057886037,7098.14537407496
Sierra Leone,SLE,2009,1.53080323958716,7.46901898540982,,-8.27097097515223,8.00861843749307,15.0667211601616,2.79329478350427,,11.2088615902087,7111.58127466558
Sierra Leone,SLE,2010,6.35566595800495,7.18566275668163,,-13.7303367162602,9.89230981613018,18.0618161080087,5.59265918271249,,34.433555789299,7457.23328580913
Sierra Leone,SLE,2011,8.10065518714917,6.79138291952621,,-39.3593386346764,9.5936417794357,34.1871551538262,19.5505875068329,,46.5454157294241,7954.13327740077
Sierra Leone,SLE,2012,10.578331663387,6.58776239392585,,-19.7049574950917,20.5918333350969,32.7895113788429,11.7630516727995,,29.4098051807138,8677.4470207767
Sierra Leone,SLE,2013,14.6633238075229,5.52412877994266,,-9.82432065734399,18.9386089631519,34.4241556482598,5.72675143806855,,17.6517899195356,9820.03670271508
Sierra Leone,SLE,2014,-7.81501512457241,4.63931171409667,,-6.15041708408739,20.2143907149836,30.9043865638971,4.88007878489104,,15.982290990834,8964.30762880037
Sierra Leone,SLE,2015,-4.36333262093788,6.68943562498681,,-14.7764569204395,10.4849570007466,25.9974388234853,3.71866092366771,,18.0613249475414,8418.11966293764
Sierra Leone,SLE,2016,6.43743652764257,10.8860609413903,,-4.83009013015939,14.1122493760391,28.954963320957,2.27663664378768,,17.6618966541204,8783.30014895891
Sierra Leone,SLE,2017,3.20786087715987,18.2215094003386,,-11.8197447773241,13.8506449181287,27.6707333162304,7.19540249608134,,19.1399846347627,8863.1379224215
Sierra Leone,SLE,2018,2.8938564123677,16.0295447693699,,-9.25504556429235,11.2388260301892,26.1386343804114,2.90502880166707,,15.6172570776756,8927.35459465672
Sierra Leone,SLE,2019,5.50270937378153,14.8049990906021,,-7.78800789721141,9.69414088221631,27.8678121479893,1.86680073448091,,16.0259388280212,9158.79610841702
Sierra Leone,SLE,2020,-1.2533490322766,13.4468711101052,,-5.83728154611493,9.89046923935769,20.722631712093,0.762524726187775,,15.3412107315104,8892.65725303186
Sierra Leone,SLE,2021,5.8968527047094,11.8739588840234,,-7.29482310742045,15.5476394492926,26.5958766787201,2.98593617691379,,14.0995510593104,9094.08627069209
Sierra Leone,SLE,2022,5.3135546141915,27.2082883814653,,-6.34863362240807,16.7804780182578,28.2737347207741,2.03619504430889,,14.876867806648,9251.7750468401
Sierra Leone,SLE,2023,5.7100218981806,47.6428733253179,,-7.86330353256267,20.9636585202107,34.3231384246837,2.27421424673208,,19.7051016386647,9499.78181168855
Somalia,SOM,2000,7.11031431133226,,,,,,0.00791139831589152,,,4816.40078510037
Somalia,SOM,2001,7.1103143114281,,,,,,0.00177553077281127,,,4962.06743000769
Somalia,SOM,2002,7.63026729326369,,,,,,0.00638486856320524,,,5149.88358435215
Somalia,SOM,2003,7.63026729340694,,,,,,-0.0299641380218025,,,5348.97288027896
Somalia,SOM,2004,7.11031431127853,,,,,,-0.124106356083442,,,5534.06939761839
Somalia,SOM,2005,7.11031431132103,,,,,,0.51246502261239,,,5746.61294106103
Somalia,SOM,2006,6.48637073266447,,,,,,1.90978521507055,,,5965.0537704532
Somalia,SOM,2007,6.69435192557005,,,,,,2.5963438148083,,,6189.55850480427
Somalia,SOM,2008,6.69435192576573,,,,,,1.47118001648448,,,6416.49405027372
Somalia,SOM,2009,6.69435192557317,,,,,,3.66276197282804,,,6668.90770984252
Somalia,SOM,2010,6.69435192555878,,,,,,4.16696585149836,,,6931.45399899605
Somalia,SOM,2011,6.69435192565855,,,,,,3.50997923598382,,,7311.714930511
Somalia,SOM,2012,6.69435192553358,,,,19.5524000374862,69.0212460407427,2.45906325256211,,15.7360330751388,7696.48370393868
Somalia,SOM,2013,10.9592986164747,,,,18.6178689226979,64.7231302031399,5.09591217775954,,14.3695600150118,8245.53762675127
Somalia,SOM,2014,8.97800590573206,,,,19.1628937165159,62.5381477394163,4.55624629490798,,13.4104063533751,8654.55641144521
Somalia,SOM,2015,10.4621881235166,,,,16.8715688310983,59.6077634074256,4.92510820324606,,13.1480812127699,9216.24414913204
Somalia,SOM,2016,7.03487260042048,,,,16.1359579394828,58.225604612142,4.9896102178043,,12.8456368959279,9497.11188393332
Somalia,SOM,2017,14.7357956045282,,,,13.0465010418362,55.6291480514478,4.84156553446397,1.86996306977159,13.8251070470324,10446.4933287674
Somalia,SOM,2018,2.05431507259452,,,,14.2131334942208,59.6087895338499,5.18226851263813,2.27753089093413,16.1056776324146,10304.646151794
Somalia,SOM,2019,2.80033312513012,,,,13.0660813308688,57.231977818854,5.16404805914972,2.00151962160416,16.0813308687616,10212.912279554
Somalia,SOM,2020,-2.76455696202532,,,,13.6532220676866,62.0421882243857,6.18915159944367,1.61766405068974,16.006026889198,9703.22857759117
Somalia,SOM,2021,3.44719850031242,,47.306970368027,,16.1552251397237,62.9442159654118,6.33765685964357,1.71640825122723,17.9795423389223,9684.72649880016
Somalia,SOM,2022,2.71821202053759,,43.3780260707635,,17.6810741938645,73.0765461138881,6.23346074683917,1.7807688149627,23.6499068901304,9509.52737673266
Somalia,SOM,2023,4.17524257571303,,,,21.9383099105676,81.1826975725497,6.17357181967512,2.06685446546936,23.6083226866216,9565.80206932987
South Africa,ZAF,2000,4.20000000067826,5.33895913599828,39.6390583837328,-0.125570459653346,24.4043033106919,21.8164184247158,0.638427514423676,20.9760632464162,15.0602810875446,38857.887144065
South Africa,ZAF,2001,2.70000000019104,5.70189483049608,,0.253001084795547,26.3566606345688,22.8142845512603,5.36834529785161,21.7005914264295,14.5737803066035,39151.7242756498
South Africa,ZAF,2002,3.70037440406668,9.494713780996,,0.781937464700473,28.4311672176802,25.0343344117566,1.14635726911695,20.8248927712355,15.036119660525,39833.9064310103
South Africa,ZAF,2003,2.94907546754213,5.67942414068799,,-0.782449992267882,23.9152733614034,21.8085892075755,0.397492744432543,20.4927670870354,15.6571145272722,40332.1733707017
South Africa,ZAF,2004,4.55455990721774,-0.692039437857687,,-2.50726120703613,22.7575187856654,22.8860564383387,0.274199790569949,21.6985960707513,16.9603513170499,41408.5772730647
South Africa,ZAF,2005,5.27705197295467,2.06285308223427,,-2.7747758989594,23.5997644915436,23.8280169054893,2.25781874505445,22.9721111805983,16.8318153447643,42877.0987817891
South Africa,ZAF,2006,5.60380645895889,3.2439076541923,,-4.00012427594728,26.098249881712,27.6698913924026,0.205125538574008,24.3780853808343,18.4902026867601,44536.7591722291
South Africa,ZAF,2007,5.36047405394162,6.17781214809388,,-4.86189160706926,27.958964394702,29.166174743045,1.97755772219349,24.8072372824336,19.3259650755187,46239.8605134344
South Africa,ZAF,2008,3.1910438863288,9.90998456005467,,-5.18618108467679,32.2546736710677,33.7198501285556,3.12686614310453,24.322809870073,21.2872491181391,47128.2244652394
South Africa,ZAF,2009,-1.53808913525583,7.23809523809527,,-2.38458187361532,24.9827464883237,24.6047888395564,2.31217470344994,21.8948743006162,18.7669441984248,47937.2074335112
South Africa,ZAF,2010,3.03973288127956,4.06749555950263,,-1.29901805615596,25.7834176267221,24.6226695358778,0.884904611686012,22.5206038776132,17.5956446037105,50970.7683274615
South Africa,ZAF,2011,3.16855627858818,5.0008533879502,,-2.01967628513274,27.6981484703752,26.9382019655219,0.903381424332556,22.8746700116825,18.8532376550132,51798.886065775
South Africa,ZAF,2012,2.39623238465745,5.73797139141739,,-4.68373643403846,27.1391491937679,28.4434679995666,1.06492249485696,23.3457659894736,18.5845354435045,51826.9379174847
South Africa,ZAF,2013,2.48546800826588,5.78016910069176,,-5.33837274756909,28.379280320361,30.4957473096901,2.05358095229684,23.831391363238,19.1687625943111,51415.2343815344
South Africa,ZAF,2014,1.41382645223793,6.13282953059149,,-4.81243259488481,29.0006193033471,30.4989547517121,1.51932743753979,24.4319342176034,18.4879638168327,51147.5088687265
South Africa,ZAF,2015,1.32186223678229,4.51869094892506,52.6511572360833,-4.31028688643788,27.7136384124829,29.0130377322327,0.438735792056356,25.0486927031144,18.6332066638376,49639.4778358874
South Africa,ZAF,2016,0.664552307858116,6.60290842394872,53.7387913884354,-2.63361451678797,28.1560881698955,27.7051693349827,0.684612553455795,24.8283559884696,16.9604522948246,50336.1073759664
South Africa,ZAF,2017,1.15794695181735,5.18618655524149,56.2597208390879,-2.37436753188649,27.3400757812216,26.1958560481525,0.539673956759456,24.76928728931,16.6107340612402,50294.5566240456
South Africa,ZAF,2018,1.55678384721676,4.50987264867388,59.1023114070608,-3.00051939426576,27.4970371508423,26.9885079767917,1.3742911715346,24.8948940727422,16.1705829786619,50033.6304541997
South Africa,ZAF,2019,0.25993557687633,4.10285075461156,64.5892781351104,-2.61999067483039,27.2021294051151,26.6958670030255,1.31407752293306,24.8673453267976,15.8207933783179,50027.0502468781
South Africa,ZAF,2020,-6.1689177146757,3.23238831615113,75.7255090793216,2.00352275153333,27.5759141603963,23.1837449200214,0.933073684352391,23.2649440409195,12.3455441478462,50731.5758949678
South Africa,ZAF,2021,4.85864865060148,4.61874544887136,74.0826080051444,3.77241369345008,31.1916105051608,24.9731031225938,9.68098022663018,25.9501542020771,12.8355522251838,54304.1684288751
South Africa,ZAF,2022,2.05813661692193,7.03987272546482,76.205442941881,-0.29618259812743,33.5394403164272,31.4076940859128,2.26670277731613,26.0183765883923,15.6721092997041,52339.7859434345
South Africa,ZAF,2023,0.80610455095804,6.0752438457966,79.4469077095183,-1.10356312207881,33.2538127556816,32.4260632183892,1.0127377916456,25.4004573724829,15.3913174995668,49595.87018629
South Sudan,SSD,2000,,,,,,,,,,
South Sudan,SSD,2001,,,,,,,,,,
South Sudan,SSD,2002,,,,,,,,,,
South Sudan,SSD,2003,,,,,,,,,,
South Sudan,SSD,2004,,,,,,,,,,
South Sudan,SSD,2005,,,,,,,,,,
South Sudan,SSD,2006,,,,,,,,,,
South Sudan,SSD,2007,,,,,,,,,,
South Sudan,SSD,2008,,,,,66.0270601078604,31.2392372104884,,,13.7699875260258,
South Sudan,SSD,2009,5.04164187983342,5.00627361534047,,,60.3143141293906,34.5214499586058,,,13.6521309804579,
South Sudan,SSD,2010,5.49341639529945,1.16962180301108,,,61.4344828173072,29.5089655488059,,,10.2896550768433,
South Sudan,SSD,2011,-4.64031673600859,46.8521757193597,,,66.0761203752424,27.1507393796766,,,9.48877706805626,
South Sudan,SSD,2012,-46.0821223743007,45.5258978371706,,,42.8320523585268,28.7877590362221,1.34937246395858,,7.0742528372385,
South Sudan,SSD,2013,13.1297311406943,-0.0580909784225664,,,9.74075785850552,41.0704887322407,-4.30359174766787,,11.3677738263753,
South Sudan,SSD,2014,3.37364847715736,1.6742990629552,,-5.65945565697319,38.3916172930278,26.2429005140531,0.00741877910985015,,7.9945088302124,
South Sudan,SSD,2015,-10.7933646271143,52.7663304192143,,-4.169014055128,36.6513492804707,28.8999999040295,0.0012502291294692,,5.75075637151052,
South Sudan,SSD,2016,,379.999585624026,,-5.76700049530002,,,,,,
South Sudan,SSD,2017,,187.851630279442,,8.30684638743949,,,,,,
South Sudan,SSD,2018,,83.5015294922,,-9.0382483224269,,,,,,
South Sudan,SSD,2019,,87.2413641500032,,-4.15741601037528,,,,,,
South Sudan,SSD,2020,,29.6758435538572,,-35.0491711578272,,,,,,
South Sudan,SSD,2021,,10.5167158294358,,-0.13161314202058,,,,,,
South Sudan,SSD,2022,,-6.68732094212668,,-11.2233718358258,,,,,,
South Sudan,SSD,2023,,2.38280434813754,,7.93071136684621,,,,,,
Sudan,SDN,2000,6.34586743997545,7.12125897172291,,-4.22360581869545,15.9845570577283,13.4196774022208,3.19972610023634,,24.8880308630392,18724.5344948726
Sudan,SDN,2001,6.50036053396883,1.93529572095333,,-3.32074310136626,9.5605178619468,10.7328277603943,3.65224475988548,,20.5310077647122,19510.9594954737
Sudan,SDN,2002,6.0064715363132,22.2247241495905,,-5.36777365828637,11.4095829536873,14.2159787676178,3.93215499570306,,21.5663517910828,20243.5362109791
Sudan,SDN,2003,6.28880816146516,6.48943208673338,,-4.39506852023541,12.2525341182648,14.1876939487906,6.31782319761386,,22.074814442888,21128.2430377386
Sudan,SDN,2004,5.14088851762675,9.65754628605945,,-3.07074148971241,14.300391937677,16.1319456818282,5.67090591014718,,23.6117319230397,21839.0082824751
Sudan,SDN,2005,5.64351551343631,8.50585075933117,,-7.02825381106123,14.458821843369,21.4127695588256,4.4387993666553,,21.2067763046123,22651.2687760257
Sudan,SDN,2006,6.5314117467792,7.19912990114709,,-14.3510830891701,15.0949253001601,21.1076683171102,4.06910716037147,,22.8891769937744,23667.9201658436
Sudan,SDN,2007,5.73527423664484,14.7542770780084,,-6.05172200816878,16.9005341241689,17.5028020373943,2.53091571467554,,21.3061261282548,24510.9852837516
Sudan,SDN,2008,3.84674473121058,14.2971224481434,,-5.54326957101499,20.2654316259622,16.4756662014213,2.54980980762297,,20.668907969621,24900.5147260371
Sudan,SDN,2009,-2.76770436599138,11.256758706301,,-9.54372816963053,14.5541979940253,18.226680340458,3.3441756822644,6.46948438245235,22.325908295006,22659.2327853832
Sudan,SDN,2010,3.85824195230107,12.9776663898014,,-2.92618988919934,17.4756063457453,15.2527036042897,3.50004539535845,5.86247467546648,20.3985392323003,23496.8911267325
Sudan,SDN,2011,-3.21353209253371,18.0966171221351,,-4.82188496528231,12.4787060282521,15.0336329952659,3.15234852962884,3.85621016052459,23.2624340175259,22880.4863142985
Sudan,SDN,2012,-17.0046884048945,35.5590574147024,,-16.6318777556219,6.85645263673087,14.9997218879992,6.14212434699966,6.89440699516488,19.7241316199789,18823.9378162895
Sudan,SDN,2013,1.95514463302422,36.5223449139154,,-13.5321488136858,9.50689116839014,17.3516333336233,3.92312074519106,7.68401639387585,17.1950466966314,18945.6521740639
Sudan,SDN,2014,4.66137954229873,36.9066427863595,,-7.16013618473832,7.60891112283276,13.2361978812986,2.52698516017578,7.98231786209787,15.0415341466529,19436.3673636552
Sudan,SDN,2015,1.91017689052751,16.9095706050977,,-10.5569345811594,6.42291092918573,11.9553619254684,3.34135261447755,8.19443800491008,12.8081335322639,19295.2157833729
Sudan,SDN,2016,3.46764218409288,17.750253831196,,-9.88346111101847,5.00449100738247,10.2771788829636,2.49532759301928,7.39027026174951,9.3059152625505,19533.651797925
Sudan,SDN,2017,0.70925628476644,32.3516260968437,,-11.1697054533751,6.11214425821293,11.7192455714973,2.58043876395005,,10.7686344431485,19158.7336548473
Sudan,SDN,2018,-2.6809305497999,63.2925073455888,,-14.4693934170139,7.65020198466392,14.2177167427683,3.51269523880448,,9.9893502376745,18157.5480118438
Sudan,SDN,2019,-2.17825104530091,50.9940515002965,,-14.7808388986177,8.45298341762853,17.666637037634,2.55226968828806,,14.3050078362201,17437.856962261
Sudan,SDN,2020,-3.62980082410752,163.257782355458,,-21.6064794369516,5.12531269468598,4.82983238157553,2.65193447042229,,5.78653523341068,16868.6708901479
Sudan,SDN,2021,-1.8685204827207,359.093040778999,,-7.65468962500371,2.2498704277993,1.87767821048496,1.52754029838982,,3.46580920270714,16197.4562157449
Sudan,SDN,2022,-0.957816591119183,138.80846024176,,-8.59889945377348,1.57116183055586,1.12767260530269,1.11000421594226,,2.17826429341476,15276.6478826748
Sudan,SDN,2023,-29.4332718325149,,,,1.10810859308483,1.36562018959182,1.37399372870934,,2.17279846218936,
Tanzania,TZA,2000,4.52078463603256,5.92396109637479,,-3.20303174427397,10.8128051973219,13.1763099576589,3.46551698028756,,17.462796824131,3850.28216673622
Tanzania,TZA,2001,6.07080828734129,5.14746800222618,,-4.15575639482293,13.837039970742,14.1931032575113,4.04947475303632,,18.3167930926191,3968.23070237286
Tanzania,TZA,2002,7.09319498355502,5.31783366118203,,-0.324018475277026,14.2816416273557,13.2175756461348,2.79955328638088,,18.0880950947047,4126.74721489139
Tanzania,TZA,2003,6.67278983053497,5.30356621509782,,-1.14522022259737,15.0931227613293,15.3557130636034,2.09316343526651,,20.6843865054193,4273.59486294264
Tanzania,TZA,2004,7.50381465859829,4.73580143949058,,-2.89917810279357,16.0455833088341,17.5642034278309,2.65421873789577,,24.4935805724156,4460.78008758216
Tanzania,TZA,2005,7.47631925974784,5.03457009267163,,-5.93931026684705,16.9833670564514,19.97590623295,5.08562696835774,,27.3958979170045,4656.76064231154
Tanzania,TZA,2006,6.53222138847813,7.25097262082546,,-5.91870284632789,18.4149914479089,24.3531750212378,2.16456512450246,,30.3239644518197,4819.30039109937
Tanzania,TZA,2007,6.76853520293716,7.02551436974771,,-7.84401666779704,19.8306255869655,28.2277691926899,2.66011088834969,,32.6512173460431,5025.48236399246
Tanzania,TZA,2008,5.68641685905224,10.2783937621135,,-9.22106341671595,19.4646113550857,29.5619331960008,4.94943766923668,,37.4895216967723,5194.8186689816
Tanzania,TZA,2009,5.26910524873463,12.1422278742988,,-6.15605248067037,18.1942658314265,25.3383348142052,3.24017488387777,11.5341744643449,34.3556768729289,5366.17027402433
Tanzania,TZA,2010,6.33652342666889,6.20015595647403,,-6.90590514874114,19.6075287366869,28.0329106928814,5.66396796617806,9.91226158242781,32.0172443063631,5634.53688244161
Tanzania,TZA,2011,7.67215543486064,12.6909694699162,,-12.6408334198025,21.6342823266739,34.5318418555069,3.54720849735785,9.79398200038448,34.7360333035223,5954.74407303607
Tanzania,TZA,2012,4.50015356010131,16.0010938506338,,-9.49381708629511,22.372111684507,31.9968373970068,4.53878496380622,10.4330040159572,34.8451015083251,6055.94923638043
Tanzania,TZA,2013,6.78158560065316,7.87072364573959,,-10.92678991973,19.0127876013666,29.6188399281829,4.57242839319348,10.7219234484868,37.470607348423,6281.01952660532
Tanzania,TZA,2014,6.73246186832483,6.13161432988012,,-9.97566998652383,18.0692092760813,27.2868130672252,2.8329281892962,11.3637968874428,37.6539665632561,6474.79764555637
Tanzania,TZA,2015,6.16062877406682,5.58816952959298,,-5.52237840763772,17.1049115530965,23.6527693247348,3.17633492826527,10.4924954944653,32.7586922845607,6618.40353143629
Tanzania,TZA,2016,6.86711619644551,5.17476629301493,,-2.44600098634937,16.349975063904,19.0704953363596,1.73591210997565,11.3903399368077,32.1747860509655,6796.21368620229
Tanzania,TZA,2017,6.72726996832338,5.31871605228931,,-2.77322833378381,15.6634915658043,17.4491004195082,1.76011643802415,11.8367190192838,32.354141404315,6979.91741734497
Tanzania,TZA,2018,5.50267599385063,3.49445848856181,,-4.05016373285836,14.7391433931711,17.9034665112026,1.70440979499363,11.695083058288,38.3765744836496,7108.02916427693
Tanzania,TZA,2019,5.79999999996723,3.46428057999021,,-2.19612703390998,16.0367461484986,16.9818431017325,1.99459353959393,11.0191174811563,39.7264057276571,7274.90077094387
Tanzania,TZA,2020,1.99196460647855,3.29029062798325,,-2.20760897715159,13.5038738462361,14.4591413507523,1.42845965174632,11.6267688543522,38.7464874924603,7261.76041830374
Tanzania,TZA,2021,4.32138429480482,3.69091958802199,,-3.3603589034405,14.1200223265815,15.7951616808233,1.68494347865961,10.8557996439654,39.6866788606001,7248.51600925229
Tanzania,TZA,2022,4.56600576430955,4.35027204269101,,-7.23733332088267,15.4137105201683,19.5897411900311,1.89781100360764,11.7926807934669,41.0677624080732,7305.31791811677
Tanzania,TZA,2023,5.06952353203394,3.79923291384916,,-3.74610299995179,17.1954298762755,21.0166049300635,2.08641570952108,11.4914890183773,41.0023887360591,7430.8615438717
Togo,TGO,2000,-0.783479610048047,1.86260595463067,,-6.64451964783898,20.1566604038007,28.6513437076176,2.50698256954936,,29.4974703074911,6721.84424750685
Togo,TGO,2001,0.823438752111855,3.91959133653146,,-8.08590195490082,20.5095258930009,30.8846261720298,3.46872208576776,,29.3205669194724,6582.28617832591
Togo,TGO,2002,3.82662257675142,3.05981857535884,,-5.81784745652387,21.4381414951577,30.1714237872832,2.39840389095673,,30.669067157494,6649.4955406345
Togo,TGO,2003,6.72017142336034,-0.930000884072214,,-5.43138096608201,23.2296007315538,32.1603776857051,1.53192291487705,,32.0951600439821,6898.22781358844
Togo,TGO,2004,-0.978665332738743,0.393078681031669,,-6.49399507558124,23.5743613846765,34.2967324862107,2.50559738999836,9.30912880542097,35.5641648807502,6648.25872694215
Togo,TGO,2005,-4.66629938413338,6.78292893028314,,-6.33089706237215,25.1826385889901,36.271641423858,2.97971035930976,9.11892325570286,25.1114080668295,6178.12203254756
Togo,TGO,2006,2.65013209943473,2.22897779414027,,-5.31324873611491,25.0476964469213,36.565164015152,2.75216144371014,9.83282482642317,19.0238222894344,6160.84965756837
Togo,TGO,2007,-1.1751368996605,0.945673271705214,,-5.74598605436746,24.6220782432091,37.1519938654568,1.65977178667302,10.8835244768274,18.7845380616733,5879.46517542466
Togo,TGO,2008,4.03561315398862,8.69482814363902,,-4.86721309193415,25.3265405456755,36.9811269015349,1.11146694137374,10.3419113744916,17.0859273927781,5904.91571615701
Togo,TGO,2009,5.45381096920332,3.71360592035809,,-3.75655470430214,25.861394271016,36.349025723283,0.980635149082811,10.3162178596308,14.4916428488121,6024.04651955112
Togo,TGO,2010,5.85433399076879,1.44594517430864,,-4.21167785064637,27.725448533842,39.0720400598684,2.63493273204289,10.507793254332,15.8404247844887,6178.76440927117
Togo,TGO,2011,5.82325622135289,3.5635147290396,,-5.57134555457932,31.4946443044053,46.2376683597378,13.4388023170829,11.4052385672697,19.9043015015358,6341.85797877463
Togo,TGO,2012,6.30271426865185,2.57718174055848,,-5.43302431064873,32.9891841943212,42.724024374095,2.24458540176674,11.3616620345372,17.6964729054914,6570.62398290198
Togo,TGO,2013,5.82425069283059,1.82539475909162,,-9.43944638209534,34.1111182093587,48.0366695470608,3.04894540679557,12.1000763248412,22.1146688275227,6778.54094907058
Togo,TGO,2014,5.63323739145223,0.19087507624975,,-7.17108249416322,29.138898093163,41.7767536570887,0.844950465027458,13.1664000700405,22.3769666612391,6980.07678690738
Togo,TGO,2015,5.4680413807304,2.58500390801595,,-8.01021600244542,26.7106298715077,42.4175080098299,4.48026975109969,13.7687186077561,25.1850151673938,7175.71807727549
Togo,TGO,2016,4.21490387414525,1.28544847051417,,-7.19180652142337,26.7314987347852,39.7135422457229,-0.76275824996834,13.8673821156382,20.1572457451871,7340.7849454843
Togo,TGO,2017,4.00791259566937,-0.981889868943119,,-1.51302452827798,25.3020773539116,32.9067828987617,1.38645400988561,13.05865998156,16.8360654544298,7495.24404825686
Togo,TGO,2018,4.79518333086139,0.927755426457183,,-2.62976116468944,24.3300490503804,33.2436897995647,-2.57457902571647,12.859589627012,19.1360002540754,7582.93592893074
Togo,TGO,2019,4.92283321360694,0.674652770077525,,-0.79288311411585,23.9077019130487,32.434472121927,4.9437244573784,13.5836337317592,18.6016944291693,7680.97304140667
Togo,TGO,2020,2.16228657424364,1.69928463299399,,-0.277018884474411,23.0702588042531,31.9956925911872,-0.79089727996859,12.7192270527961,19.8105297114895,7724.35855032545
Togo,TGO,2021,5.12890113701732,4.1862150652352,,,23.134296059825,33.2432620159071,-1.59478801736582,13.8708614440327,21.5046308367343,7869.69711381991
Togo,TGO,2022,6.29443692019429,7.96757361617945,,,25.0092104865492,36.5658819103448,-2.00429827129667,13.4049128202074,24.4982811109098,8068.59191617745
Togo,TGO,2023,6.19211576941919,5.48928568141131,,,,,0.812296154474204,13.7896420900126,,8324.17278511544
Uganda,UGA,2000,3.141907338187,3.39202158512998,,-5.79340706801523,10.651409293254,22.0976240451282,2.59476174980504,,19.483821715744,4154.3321400869
Uganda,UGA,2001,5.18366112490236,1.86512524084773,,-5.23214599458245,11.5180826373161,23.8118941446563,2.59388837097761,,19.3020594186146,4243.15164946361
Uganda,UGA,2002,8.73268576440127,-0.287508511765196,,-2.46011695217403,11.2132791661446,25.0645149900385,2.98852729237692,,20.2174228036338,4474.10918960665
Uganda,UGA,2003,6.47325867166543,8.68047651566884,,-0.581756161515947,11.3867248339712,25.1990016301556,3.06033199910157,,20.9841415782684,4621.17196909177
Uganda,UGA,2004,6.80723334361883,3.72128743978228,,-0.0210973345748702,12.6968807487592,22.7632054968845,3.72085072270846,,20.1456899167115,4749.5401063229
Uganda,UGA,2005,6.33256511623156,8.44872642299532,,0.579537398767585,14.1796999798574,24.8145855040487,4.11082611076276,,22.355145856388,4868.21193417651
Uganda,UGA,2006,10.7847443857453,7.31067613561864,,-3.18903604186135,15.2754133833713,28.3578724062492,6.45705802026041,,21.130370024996,5261.14448504203
Uganda,UGA,2007,8.41242596551071,6.1385108328505,,-4.72875221684934,16.7250685273524,30.0523481249298,6.65659725038112,,22.0830552692819,5561.46545084296
Uganda,UGA,2008,8.70875190154499,12.0508555482886,,-8.47510327903427,24.2801423442251,31.9781258608383,5.04737190164171,,22.9777738426393,5889.2481847715
Uganda,UGA,2009,6.80151734860395,13.0172561889185,,-4.1708492322474,18.6135663082242,28.4503117666136,3.3491615513943,,26.6160387564841,6136.18030800903
Uganda,UGA,2010,5.63761163749757,3.97655288478168,,-6.0351181457015,13.8244828747602,24.4447661623689,2.03900471067451,,27.1039553534011,6285.30827600109
Uganda,UGA,2011,9.3916554927176,16.5643496174515,,-7.48878445953833,12.8557239406741,26.899501619938,3.2086060344385,,26.7549805283512,6080.20387526012
Uganda,UGA,2012,3.83745560605229,12.6790377224659,,-6.0631263873337,15.4917287700064,28.010408369725,4.41438584859015,,26.1771756452378,7003.53712533513
Uganda,UGA,2013,3.58690582623025,4.90520875694557,,-6.05719389968621,16.5130356713113,26.5961192021574,3.79031709675384,,31.9739798099079,5706.02178602872
Uganda,UGA,2014,5.10630732539796,3.07570668958641,,-6.64160843323991,14.9482109075764,21.0661901743321,3.24589612959273,,26.853454663727,6363.12114136796
Uganda,UGA,2015,5.18785986002466,5.58968606251725,,-5.1602872378994,12.8773253147369,24.8119730176989,2.27760507458345,10.8017708078475,23.8597944507535,6597.51012072694
Uganda,UGA,2016,4.78100029254482,5.70637504616212,,-2.85393787294637,12.4271644156806,18.7821976075312,2.1425304891559,11.1195629663514,25.4152882648293,6801.54531565971
Uganda,UGA,2017,3.13140551723596,5.20971705914209,,-4.88278660173815,16.6611294211705,20.1759235122395,2.61088918011351,11.6047236723344,24.6140426859449,6913.33514383975
Uganda,UGA,2018,6.30392378262997,2.61601190952274,34.6735709945694,-6.32983605256251,15.0870530611511,21.5513525388056,3.20512810607337,11.6828686475731,24.3285989781833,6730.03841179367
Uganda,UGA,2019,6.43874503276439,2.867588034469,38.4769453120331,-7.44419073613667,17.1090580167383,22.2519959480052,3.68569218154174,12.2363794693037,25.5294607796946,6622.04264637247
Uganda,UGA,2020,2.95130642218098,3.31332289544502,44.1859143089924,-9.56958764500258,15.4147985397289,21.585893851908,3.16881317773755,11.3911633065296,24.2159505553913,6516.14651727212
Uganda,UGA,2021,3.53658034070898,2.20457204757414,51.3026623500196,-8.8944875833578,15.7810081695276,25.9326225729506,4.06673785760736,12.4588666784696,24.0863683469285,6342.84785673134
Uganda,UGA,2022,4.58802192181773,7.1957888597581,53.890283064004,-8.91897823001288,12.0219954333331,22.4833064937607,6.48067616265599,12.5499042669422,24.201342621546,6295.17346868265
Uganda,UGA,2023,5.33697295511469,5.35094804280395,53.1469350748667,-7.43279149697522,11.6017089255499,21.739987404672,6.13816501913594,12.9683684792696,22.8160132458418,6399.53934394348
Zambia,ZMB,2000,3.89732294341896,26.0304117888121,,-18.3980639927089,23.9238608307712,36.4636081577253,3.37996207983055,,,8239.01787998334
Zambia,ZMB,2001,5.31686827418419,21.3937821792546,,-18.0007855963506,25.109699098695,39.558583610284,3.54138670780308,16.5407044588153,,8440.71420143292
Zambia,ZMB,2002,4.50601428032604,22.2333446430947,,-15.8142108448002,27.1336783308698,37.782818668195,7.11494136195091,15.4400128684589,,8600.55080174368
Zambia,ZMB,2003,6.94497398221223,21.4015783901995,,-13.5299667044381,25.6839640308427,36.6288806449202,7.07893144253237,14.8595198791408,,8953.05436616737
Zambia,ZMB,2004,7.03239511515218,17.9677891087286,,-7.14878830806073,33.5399822510719,37.2730926807002,5.85168864010044,15.3170586338543,,9329.68081002726
Zambia,ZMB,2005,7.23559900655543,18.324439701174,,-2.78498414861087,30.6107123143813,31.5895698769828,4.28403218909524,14.7947685977681,,9723.36153007745
Zambia,ZMB,2006,7.90369444480079,9.01957247226486,,4.64474506229629,32.5929586871888,25.2638601867139,4.82712872237458,13.7115292955915,,9801.62530501913
Zambia,ZMB,2007,8.35243624447406,10.6573496000153,,-1.23802039926344,33.5911932050133,32.1802654858934,9.41811167277731,14.0825145811532,,9922.90249848516
Zambia,ZMB,2008,7.77389581542363,12.4455793463192,,-3.33057905300122,28.9193597052566,30.5355294153308,5.24050811284723,13.2593037826464,,10000.1215770836
Zambia,ZMB,2009,9.2203484058663,13.3952546325895,,5.95342818479561,29.2509976693348,26.8703832861816,4.53277977632725,11.6875158256987,,10827.7989462904
Zambia,ZMB,2010,10.2982233241213,8.50176133365265,17.3215114809658,7.52549147652086,37.0259333072124,27.9887692133998,8.53319643791576,12.834842405292,29.8740056918705,11853.5464964234
Zambia,ZMB,2011,5.56925219263019,6.4293968107234,18.0499093578444,4.65823655766585,40.4712226732921,32.3242097651362,4.72516156867912,14.7159433183957,32.889211245159,11721.2967558267
Zambia,ZMB,2012,7.59738104901994,6.57589970757698,23.4889192806696,5.37898486156031,40.0829109943526,35.2847988615544,6.78938124085044,14.8923642974021,31.5179510511994,11824.7051308236
Zambia,ZMB,2013,5.05753695047252,6.97767605490307,24.2239941438767,-0.575955750525117,40.4827166938697,39.9735243274676,7.48932505567266,14.3471093166635,33.8029886804422,11922.3123008531
Zambia,ZMB,2014,4.69328316376705,7.80687553566333,44.3958675879332,-1.4270939600475,38.8222899319378,37.3712097956936,5.55542791808588,15.7610303316911,34.0692641856177,11960.3109221563
Zambia,ZMB,2015,2.92037511217961,10.1105928909618,49.4073473457883,-3.61227207947561,37.1385258014734,42.7267429559224,7.44741668984243,14.3939639330138,42.8051164515408,11805.9705332791
Zambia,ZMB,2016,3.75510031678988,17.8697300795268,46.4328935811391,-4.55168827542136,35.3246757489657,38.6338855056502,3.16251974813899,13.3531814269452,38.2062329128451,11736.8560335647
Zambia,ZMB,2017,3.52586277149926,6.57731154205644,52.2809418398754,-1.68127057617849,34.9928577635918,36.5928368906648,4.28050117059574,15.1848569608409,41.0018208583077,11640.9603928292
Zambia,ZMB,2018,4.03449389667165,7.4945719272852,59.7122211727371,-1.30116677554112,37.9574045480394,36.9309649794271,1.55231886738395,16.5870654729348,38.5885582958265,11757.5814691967
Zambia,ZMB,2019,1.44130602603785,9.15031644316296,61.9301173816653,0.603690808802682,34.6361926031881,34.1550123329079,2.3509190433173,16.6776226628035,39.2619086467844,11353.0862603223
Zambia,ZMB,2020,-2.78505506545167,15.7330604721369,103.54315235027,11.790957110182,46.7201864691576,32.4866629404379,1.35190577412928,16.418005509662,32.2448509806584,10463.7779442582
Zambia,ZMB,2021,6.23492204726448,22.0207676245777,71.4111761686383,11.9003513535048,52.2160900183192,33.9924211751453,1.78407846118257,16.7804106778084,31.3669178305336,10766.4463114632
Zambia,ZMB,2022,5.21122360356247,10.9932039209136,,3.74784661580661,40.1939977114306,29.1033177078897,-0.223286755156161,,26.980508150543,11129.2239924685
Zambia,ZMB,2023,5.36794285493059,10.884531691282,,-3.03751016927581,40.8461239686718,37.3957630764767,2.32465335614826,,31.4450686240954,10849.814829468
Zimbabwe,ZWE,2000,-3.05911780575599,,,,38.1615806969708,35.9093116199156,0.346617861278153,,13.5696410562881,17147.6020743454
Zimbabwe,ZWE,2001,1.43951727721958,,,,34.9592596689157,32.9388341997567,0.0560409984146296,,10.2680381963647,17134.0779723083
Zimbabwe,ZWE,2002,-8.89401285792752,,,,31.8348370828573,34.9749812852133,0.408179346755447,,4.99980300224577,15386.5251345522
Zimbabwe,ZWE,2003,-16.9950733355763,,,,32.3968240118663,38.055143530233,0.0663118401535643,,8.00104702905506,12601.6445318517
Zimbabwe,ZWE,2004,-5.80753964196205,,,,34.4710338297323,41.5683911508995,0.149780494103469,,4.5106309718516,11727.4148961996
Zimbabwe,ZWE,2005,-5.71112541241364,,,,33.5475187774063,42.4955498632397,1.78526462032736,,1.52390049060044,11012.120829611
Zimbabwe,ZWE,2006,-3.46140290336963,,,,35.9572221967228,46.8628080965713,0.734382888878689,,1.5697434249782,10535.1708018467
Zimbabwe,ZWE,2007,-3.653250914872,,,,37.7827092875018,46.3855706123991,1.30128901270126,,7.11081731904245,10057.4849722274
Zimbabwe,ZWE,2008,-17.6689987958491,,,,41.4667270258035,68.0568130375736,1.16794929832503,,5.12675418741512,8239.96136386045
Zimbabwe,ZWE,2009,13.2720546167979,,,-7.55339145897765,19.4762557195667,42.3002352454567,1.08574826151022,9.19687186027602,12.7472016131117,9249.84063514502
Zimbabwe,ZWE,2010,19.6754077019323,3.02267002518892,,-13.7402060432655,29.6403892843062,53.4830155008197,1.01750672670554,17.4350010393671,18.7628395343529,10945.5527170881
Zimbabwe,ZWE,2011,14.1939156801139,3.4661297281749,,-19.4876884701887,34.8004819618683,54.6654617619959,2.44028634205117,17.928407275194,17.3984690623007,12322.8877182158
Zimbabwe,ZWE,2012,16.6654290410337,3.72532666110646,,-13.3008995685092,25.162787981429,48.9999124010862,2.04309866557655,17.8355813060669,9.85633778141151,14157.7446650345
Zimbabwe,ZWE,2013,1.98948554025198,1.63495041543822,,-13.8673146361313,21.9873565174142,36.6687171969687,1.95306467023546,,9.20906247136893,14263.4550706328
Zimbabwe,ZWE,2014,2.37698561663417,-0.19778481012661,,-11.9650275581452,20.929994104227,33.7417651431647,2.42393171156853,,9.63958883391864,14384.6661286961
Zimbabwe,ZWE,2015,1.77985356392176,-2.43096842383404,,-7.99403914904329,19.160627339066,37.5890253213673,1.99867322543902,17.6734192783656,10.0359230470755,14519.4383911401
Zimbabwe,ZWE,2016,0.75579405855224,-1.54366960054161,,-3.39239266445641,19.9435777083308,31.2754599511169,1.66841598492163,15.4582805565972,9.86174106545716,14458.0861068336
Zimbabwe,ZWE,2017,4.73441117758482,0.893962316050027,,-0.531376263214757,24.6581758711002,30.3701419599608,0.601908067055593,5.46550428149671,14.7022431781545,14933.7459243891
Zimbabwe,ZWE,2018,5.00992154297603,10.6188658669575,,-4.0409221974903,26.1640511708711,28.3862654165889,1.21217684971106,7.21476804985273,14.1484443423452,15446.8038537702
Zimbabwe,ZWE,2019,-6.33244976028571,255.304990757856,,2.75936263071051,22.7691643639755,23.337379903576,0.748473073606359,,11.561629264796,14261.1795385466
Zimbabwe,ZWE,2020,-7.81695060188729,557.201817362051,,2.12123576051365,18.9312252455667,21.2471809778688,0.470482157673421,,11.2139243786572,13252.3828337324
Zimbabwe,ZWE,2021,8.46801676808001,98.5461050920624,,0.843388365138639,19.7596173384048,24.3549421515806,0.575184665386161,,13.4565631560916,14037.1379013988
Zimbabwe,ZWE,2022,6.13926327570213,104.705170628667,,0.748243320737497,23.6992196266447,31.3681326209589,0.826254039449821,,12.4189304207687,14711.6054510282
Zimbabwe,ZWE,2023,5.3508687909833,,,0.373211113785511,17.1170760050918,23.1741851996024,1.68432122793783,,10.0230432587302,14471.8917064701
